P80404,O94788
P80404,P12277
P80404,Q16853
P80404,P15531
P80404,Q8TD30
P80404,P24298
P21439,Q14973
P21439,Q96BD0
P21439,Q02318
P21439,P06133
P21439,Q9HAW9
P21439,P24298
P21439,P19224
P21439,Q14994
P21439,Q8TDU6
P21439,Q9NYB5
P21439,P30626
P21439,Q86UW2
P21439,P46721
P21439,O75469
P21439,Q86UW1
P21439,Q96RI1
P21439,P19793
P21439,Q07869
Q96J66,Q86UW1
O15438,Q14973
O15438,Q96BD0
O15438,Q15842
O15438,Q02318
O15438,O75751
O15438,O00337
O15438,Q86VL8
O15438,P16662
O15438,Q9UIG8
O15438,Q9Y271
O15438,Q14994
O15438,P19224
O15438,Q9NYB5
O15438,Q9HAW9
O15438,Q86UW2
O15438,O75469
O15438,Q96RI1
O15438,P46721
O15438,Q86UW1
O60706,P51787
O60706,Q15842
O60706,P22460
O60706,Q6ZQN7
O60706,P48549
O60706,Q12809
O60706,O14958
O60706,P48544
O60706,Q9UK17
O60706,Q07699
O60706,P54289
O60706,Q08289
O60706,P46721
P24752,Q9H4B7
P24752,P23786
P24752,Q5T1J1
P24752,O95749
P24752,P14324
P12821,P46663
P12821,P00750
P12821,Q16647
P12821,P27361
P12821,P01584
P12821,P35968
P12821,P09038
P12821,P00797
P12821,P00533
P12821,O94760
P12821,P05067
P12821,P11245
P12821,P37231
P12821,P16066
P12821,P18440
P12821,Q16665
P12821,P10828
P12821,O00206
P12821,P04054
P12821,P42574
P12821,P05412
P12821,P03372
P12821,P11473
P12821,P24530
P12821,P55017
P12821,Q07869
P12821,P06870
P12821,Q9H244
P12821,P07550
P12821,P31749
P12821,P25101
P12821,P19320
P12821,P24298
P12821,P14780
P12821,P00747
P12821,P15692
P12821,P01375
P12821,P16860
P12821,P08235
P12821,P30556
Q9BYF1,P01584
Q9BYF1,P00797
Q9BYF1,P0DP24
Q9BYF1,P0DP25
Q9BYF1,P19320
Q9BYF1,P08235
Q9BYF1,P02786
Q9BYF1,P14780
Q9BYF1,P16860
Q9BYF1,O95436
Q9BYF1,P31749
Q9BYF1,P01375
Q9BYF1,P30556
P28332,O94788
P28332,P36537
P28332,P41145
P28332,Q16445
P28332,O60760
P28332,P19224
P28332,P16662
P28332,Q9HAW9
P28332,P06133
P28332,O75795
P28332,P08263
P28332,P54855
P28332,Q9HAW8
P28332,P22310
P28332,Q9HAW7
P28332,P08172
P28332,P00338
P28332,P35503
P30542,P41143
P30542,P27361
P30542,P01584
P30542,P00797
P30542,P00533
P30542,Q8N1C3
P30542,P29275
P30542,P07550
P30542,Q9H244
P30542,P29274
P30542,P15692
P30542,Q92806
P30542,Q8NER1
P30542,P0DMS8
P30542,Q16665
P30542,P31749
P30542,P01375
P29274,P27361
P29274,P01584
P29274,P00797
P29274,P29275
P29274,Q9H244
P29274,Q8NER1
P29274,Q9Y5N1
P29274,P07101
P29274,Q9Y233
P29274,P15692
P29274,Q16665
P29274,P31749
P29274,P01375
P29274,P21554
P29274,P14416
P29275,P19838
P29275,P27361
P29275,P01584
P29275,P00797
P29275,P04054
P29275,P15692
P29275,P31749
P29275,P01375
P29275,Q16665
P29275,Q9H244
P0DMS8,P27361
P0DMS8,P01584
P0DMS8,P35968
P0DMS8,P00797
P0DMS8,Q9H244
P0DMS8,P21554
P0DMS8,P15692
P0DMS8,Q16665
P0DMS8,P31749
P0DMS8,P01375
P35368,P21917
P35368,P28335
P35368,P34995
P35368,P07550
P35368,P43681
P35368,O60674
P35368,P48544
P35368,Q06187
P35368,P21731
P35368,P25100
P25100,P43681
P25100,P36544
P25100,Q06187
P25100,P21731
P18089,P30518
P18825,O95264
P18825,Q9Y2I1
P18825,P21554
P18825,P43681
P18825,Q15822
P18825,P36544
P07550,P13569
P07550,P21917
P07550,P04150
P07550,P41143
P07550,P27824
P07550,O15554
P07550,P27361
P07550,P01584
P07550,P00797
P07550,P00533
P07550,P28335
P07550,P37231
P07550,P34995
P07550,P48549
P07550,P25103
P07550,P21731
P07550,Q9UBS5
P07550,Q9H244
P07550,Q9P0L9
P07550,P07101
P07550,P43115
P07550,P48544
P07550,Q07343
P07550,P31749
P07550,P30518
P07550,P21554
P07550,P01375
P07550,P08172
P07550,P30556
P07550,P42261
P07550,P13945
P07550,Q08499
P07550,P12931
P13945,P37231
P13945,P07101
P13945,Q07869
P13945,P12931
P30556,P27824
P30556,P04049
P30556,P41595
P30556,P27361
P30556,P01584
P30556,P00797
P30556,P47870
P30556,P00533
P30556,P37231
P30556,P19320
P30556,P00747
P30556,P42574
P30556,Q9UK17
P30556,P08235
P30556,P30518
P30556,P21554
P30556,P43088
P30556,P05412
P30556,P14780
P30556,P12931
P30556,O60674
P30556,Q07869
P30556,P21731
P30556,P01375
P30556,P55017
P30556,P31749
P30556,P15692
P35869,P60568
P35869,P04150
P35869,P62942
P35869,Q01650
P35869,P28335
P35869,P22310
P35869,P35503
P35869,O00206
P35869,P00533
P35869,P06401
P35869,Q16665
P35869,P15692
P35869,P31749
P35869,Q9HC97
P35869,P11473
P35869,P07099
P35869,P08263
P35869,P30536
P35869,P37231
P35869,Q96RI1
P35869,P05412
P35869,P01584
P35869,O60760
P35869,Q07869
P35869,Q9HAW9
P35869,P01375
P35869,Q92731
P35869,P19224
P35869,Q14994
P35869,P48775
P35869,O75469
P35869,P10275
P35869,P12931
P35869,P03372
P35869,P07900
P27144,O43570
P27144,P23921
P27144,Q07343
P27144,P15531
P27144,Q08499
P27144,Q08493
P27144,Q14432
P27144,P31350
P27144,P00558
P27144,Q9HC97
P27144,Q9Y233
Q04828,P36537
Q04828,O75828
Q04828,O60760
Q04828,P19224
Q04828,P16662
Q04828,Q9HAW9
Q04828,P06133
Q04828,O75795
Q04828,Q16696
Q04828,P54855
Q04828,Q9HAW8
Q04828,Q92731
Q04828,P28845
Q04828,P22310
Q04828,Q9HAW7
Q04828,P35503
Q04828,P07099
P31749,Q15311
P31749,P19838
P31749,P60568
P31749,P24385
P31749,P09486
P31749,P04150
P31749,P36888
P31749,P27824
P31749,Q99835
P31749,P04049
P31749,P10276
P31749,P11802
P31749,Q01860
P31749,Q01650
P31749,P09619
P31749,P36507
P31749,P27361
P31749,P01584
P31749,P35968
P31749,P42336
P31749,P09038
P31749,Q9Y6K1
P31749,P50416
P31749,Q00534
P31749,P00797
P31749,P00533
P31749,Q5T1J1
P31749,P05067
P31749,P07333
P31749,P37231
P31749,P15056
P31749,P04271
P31749,P22455
P31749,P19320
P31749,O60760
P31749,Q71U36
P31749,Q02750
P31749,P35408
P31749,P11274
P31749,Q9H244
P31749,P00747
P31749,Q03181
P31749,P42574
P31749,P04054
P31749,P07288
P31749,P25101
P31749,P06401
P31749,P10826
P31749,Q9UBN7
P31749,P07900
P31749,O75469
P31749,P06239
P31749,P07437
P31749,P17405
P31749,P10636
P31749,Q15303
P31749,P23458
P31749,Q92731
P31749,Q08499
P31749,P29317
P31749,Q14432
P31749,P48443
P31749,P02786
P31749,Q9NR96
P31749,P14416
P31749,Q9GZT9
P31749,P09874
P31749,P02818
P31749,P21554
P31749,P01138
P31749,O15111
P31749,P05412
P31749,P14780
P31749,P00558
P31749,P12931
P31749,O00206
P31749,P28702
P31749,P10275
P31749,P16860
P31749,P04083
P31749,O00329
P31749,Q16790
P31749,Q02763
P31749,P07101
P31749,Q9Y2T6
P31749,P24298
P31749,Q12879
P31749,P10415
P31749,P62942
P31749,Q07869
P31749,P13631
P31749,P52333
P31749,P11362
P31749,P01375
P31749,P03372
P31749,P36544
P31749,P19793
P31749,P07948
P31749,P42261
P31749,Q92769
P31749,O14920
P31749,P04629
P31749,P29466
P31749,Q16665
P31749,P00338
P31749,Q96RI1
P31749,P11473
P31749,Q13224
P31749,P05230
P31749,Q99828
P31749,Q8NER1
P31749,P15692
O94788,P24298
O94788,Q8TD30
O94788,P19793
O94788,Q9NR82
O94788,P10826
O94788,P10276
O94788,P13631
O94788,P54855
O94788,P22310
O94788,Q9HAW9
O94788,O75795
O94788,P35503
O94788,P16662
O94788,P19224
O94788,Q9HAW7
O94788,P06133
O94788,Q9HAW8
O94788,P36537
O94788,Q6V0L0
Q9UM73,P24385
Q9UM73,Q96SW2
Q9UM73,P10276
Q9UM73,P27361
Q9UM73,P42336
Q9UM73,P00533
Q9UM73,P11274
Q9UM73,P42574
Q9UM73,P08581
Q9UM73,P07900
Q9UM73,Q15303
Q9UM73,P23458
Q9UM73,P07949
Q9UM73,P05412
Q9UM73,P12931
Q9UM73,O00329
Q9UM73,O60674
Q9UM73,O95436
Q9UM73,P03372
Q9UM73,P21802
Q9UM73,P11362
Q9UM73,P15692
Q9UM73,P24298
Q9UM73,P52333
P04083,P13569
P04083,P04150
P04083,P01584
P04083,P00533
P04083,P05067
P04083,P42574
P04083,P04054
P04083,P07900
P04083,Q9H1D0
P04083,P06703
P04083,P14780
P04083,P12931
P04083,Q13938
P04083,P01375
P12429,P00533
P12429,Q13938
P12429,P06703
P12429,P07900
P12429,P04054
P12429,P42574
Q16853,P60568
Q16853,P36888
Q16853,P01584
Q16853,P07333
Q16853,P19320
Q16853,O00206
Q16853,P07437
Q16853,P06239
Q16853,P01375
Q16853,P20701
P05067,P00750
P05067,P19838
P05067,P09486
P05067,P27824
P05067,P27361
P05067,P01584
P05067,P35968
P05067,P09038
P05067,P05937
P05067,P00533
P05067,P22748
P05067,Q16665
P05067,P30536
P05067,Q14289
P05067,P03372
P05067,Q8TCU5
P05067,Q9ULB1
P05067,P29466
P05067,P15692
P05067,O00206
P05067,Q9UBS5
P05067,P02786
P05067,P07101
P05067,Q15303
P05067,P42262
P05067,P00747
P05067,P37231
P05067,P14780
P05067,P42261
P05067,P01375
P05067,Q12879
P05067,P04271
P05067,P12931
P05067,P01138
P05067,P05412
P05067,P36544
P05067,P07900
P05067,Q13224
P05067,P62942
P05067,P42574
P05067,P04629
P05067,P10636
P29972,P13569
P29972,P22748
P29972,P06870
P29972,P14780
P29972,P15692
P29972,Q9Y5N1
P29972,P30518
P29972,P51800
P29972,P55017
P10275,P30968
P10275,P24385
P10275,P04150
P10275,P04049
P10275,P11802
P10275,Q01860
P10275,P27361
P10275,P42336
P10275,P09038
P10275,Q00534
P10275,P00533
P10275,Q5T1J1
P10275,P12235
P10275,O60760
P10275,P42574
P10275,P07288
P10275,P08581
P10275,O75795
P10275,P06401
P10275,Q9UBN7
P10275,P07900
P10275,P54855
P10275,P08235
P10275,P09874
P10275,P02818
P10275,P05412
P10275,P14780
P10275,P12931
P10275,P01375
P10275,P03372
P10275,P04629
P10275,P15692
P10275,Q92769
P10275,Q16665
P10275,Q02880
P38606,P24298
P38606,Q8TD30
P38606,P00533
P38606,P02786
P37288,P21917
P37288,Q92731
P37288,P16066
P37288,P47901
P37288,P30518
P47901,P30968
P47901,P30518
P47901,P14416
P30518,P13569
P30518,P27824
P30518,P04049
P30518,P27361
P30518,P00797
P30518,P25103
P30518,P51800
P30518,P08172
P30518,P41180
P10415,P24385
P10415,P04049
P10415,P27361
P10415,P42574
P10415,P07900
P10415,P23458
P10415,P48443
P10415,P09874
P10415,P28702
P10415,Q16665
P10415,P52333
P10415,P19793
P10415,P03372
P11274,P36888
P11274,P10276
P11274,P09619
P11274,P42336
P11274,P09038
P11274,Q8WUM9
P11274,P00533
P11274,P28335
P11274,P05230
P11274,P12931
P11274,P11362
P11274,P07900
P11274,Q06187
P11274,P07948
P11274,O60674
P46663,P00797
P46663,P06870
P02818,P24385
P02818,P09486
P02818,P38435
P02818,Q02318
P02818,Q01860
P02818,P27361
P02818,P01584
P02818,P09038
P02818,P37231
P02818,P19320
P02818,Q92731
P02818,Q16665
P02818,P05412
P02818,P41180
P02818,P14780
P02818,P03372
P02818,P01375
P02818,P15692
P02818,P11473
P15056,P24385
P15056,P04049
P15056,P36507
P15056,P27361
P15056,P42336
P15056,P00533
P15056,P37231
P15056,P21802
P15056,O60674
P15056,P01138
P15056,P12931
P15056,P04629
P15056,P07900
P15056,Q02750
Q06187,P60568
Q06187,Q96SW2
Q06187,P35916
Q06187,P01584
Q06187,P42336
Q06187,P17948
Q06187,P07900
Q06187,P06239
Q06187,P23458
Q06187,P20701
Q06187,Q9NR96
Q06187,P01138
Q06187,O15111
Q06187,P05412
Q06187,P12931
Q06187,O00206
Q06187,O00329
Q06187,O60674
Q06187,P11362
Q06187,P21731
Q06187,P01375
Q06187,P07948
Q06187,O14920
Q06187,P04629
P00915,P07451
P00915,P43166
O43570,P03372
O43570,Q15166
O43570,Q16665
O43570,Q9ULX7
O43570,Q16790
O43570,P22748
Q9ULX7,P22748
Q9ULX7,Q9P0L9
Q9ULX7,Q16790
P07451,Q14994
P07451,P43166
P22748,P13569
P22748,P18545
P22748,P10636
P22748,P20839
P22748,Q9P0L9
P22748,Q16790
P43166,P05937
P43166,P22676
P43166,Q9P0L9
Q16790,P60568
Q16790,P35968
Q16790,P00533
Q16790,P17948
Q16790,P42574
Q16790,P08581
Q16790,P06401
Q16790,Q9GZT9
Q16790,P14780
Q16790,P00558
Q16790,P03372
Q16790,P00338
Q16790,P15692
Q16790,Q16665
P54289,P51787
P54289,Q15842
P54289,O14958
P54289,Q12809
P54289,P54284
P54289,Q8NEC5
P54289,Q9UK17
P54289,Q08289
P54289,Q07343
P54289,Q9NZV8
P54289,Q08499
P54289,P48544
P54289,Q9NY47
P54289,Q8IZS8
P54289,Q07699
P54289,P62942
P54289,O00305
P54289,Q02641
Q9NY47,P54284
Q9NY47,O14649
Q9NY47,Q8NEC5
Q9NY47,Q08289
Q9NY47,Q07343
Q9NY47,Q08499
Q9NY47,Q02641
Q9NY47,P62942
Q9NY47,Q8IZS8
Q9NY47,O00305
Q8IZS8,P54284
Q8IZS8,Q8NEC5
Q8IZS8,Q08289
Q8IZS8,Q07343
Q8IZS8,Q08499
Q8IZS8,Q02641
Q8IZS8,P62942
Q8IZS8,O00305
Q02641,P54284
Q02641,Q8NEC5
Q02641,Q08289
Q02641,Q07343
Q02641,P15531
Q02641,Q08499
Q02641,Q92806
Q02641,P62942
Q02641,O00305
Q08289,P51787
Q08289,Q15842
Q08289,P22460
Q08289,O14958
Q08289,Q12809
Q08289,P54284
Q08289,Q8NEC5
Q08289,Q9UK17
Q08289,Q9NZV8
Q08289,Q12879
Q08289,P48544
Q08289,Q08499
Q08289,Q07343
Q08289,Q07699
Q08289,P62942
Q08289,O00305
P54284,P12931
P54284,Q08499
P54284,Q07343
P54284,P62942
P54284,Q8NEC5
P54284,O00305
O00305,P42262
O00305,P28472
O00305,Q8NEC5
O00305,Q9UK17
O00305,Q07343
O00305,Q08499
O00305,Q92806
O00305,P17787
O00305,O14764
O00305,P62942
O00305,Q15822
O00305,Q07699
O00305,P18507
O00305,P42261
Q9ULU8,P48058
Q9ULU8,P42262
Q9ULU8,Q9NZV8
Q9ULU8,P34903
Q9ULU8,P62166
Q9ULU8,Q13002
Q9ULU8,P42263
Q9ULU8,Q9ULB1
Q86UW7,Q9ULB1
P05937,P09038
P05937,Q9NQA5
P05937,Q9NZV8
P05937,P01138
P05937,Q7L0J3
P05937,Q13224
P05937,P48058
P05937,Q12879
P05937,P25103
P05937,P42261
P05937,P21554
P05937,P11473
P05937,P48051
P05937,P04271
P05937,Q9H1D0
P05937,P07101
P05937,P42574
P22676,P48058
P22676,P04271
P22676,P48549
P22676,P42262
P22676,P35408
P22676,P25103
P22676,Q9NZV8
P22676,P14416
P22676,P09884
P22676,P42574
P22676,Q7L0J3
P22676,P21554
P22676,P03372
P22676,P06401
P22676,P42261
P22676,P06703
P22676,P07101
P0DP24,P51787
P0DP24,O15554
P0DP24,O15399
P0DP24,Q9NQA5
P0DP24,O95259
P0DP24,Q9BY41
P0DP24,Q9NR82
P0DP24,Q8NER1
P0DP24,P10636
P0DP24,Q14957
P0DP24,Q12879
P0DP24,Q13224
P0DP24,P0DP25
P0DP24,Q9H1D0
P0DP24,P03372
P0DP24,P07900
P0DP25,P51787
P0DP25,O14958
P0DP25,Q12809
P0DP25,O15554
P0DP25,Q9NQA5
P0DP25,O95259
P0DP25,P00533
P0DP25,O15111
P0DP25,P07437
P0DP25,P14416
P0DP25,P07900
P0DP25,P12931
P0DP25,Q9NR82
P0DP25,Q13224
P0DP25,Q8NER1
P0DP25,P10636
P0DP25,Q9H1D0
P0DP25,P03372
Q96L12,O14958
Q9NYX4,Q9Y5N1
Q9NYX4,P21918
Q9NYX4,P42262
Q9NYX4,P47898
Q9NYX4,O14764
Q9NYX4,Q92806
P27824,P13569
P27824,P41143
P27824,P36888
P27824,P05412
P27824,P27361
P27824,P06239
P27824,P42574
P27824,P02786
P27824,P28074
P27824,P00533
P27824,Q12809
P27824,P07900
Q13938,Q99828
P29466,P19838
P29466,P60568
P29466,P27361
P29466,P01584
P29466,P09038
P29466,P00533
P29466,P37231
P29466,P19320
P29466,P42574
P29466,P07900
P29466,Q92731
P29466,Q9NR96
P29466,P09874
P29466,O15111
P29466,P05412
P29466,P14780
P29466,O00206
P29466,P01375
P29466,O14920
P29466,Q16665
P29466,P15692
P42574,P19838
P42574,P60568
P42574,P24385
P42574,P04150
P42574,P36888
P42574,Q9UGN5
P42574,P04049
P42574,P11802
P42574,Q01860
P42574,P09619
P42574,P27361
P42574,P01584
P42574,P35968
P42574,P42336
P42574,P09038
P42574,Q00534
P42574,P00797
P42574,P00533
P42574,P17948
P42574,P37231
P42574,P04271
P42574,P19320
P42574,O60760
P42574,Q02750
P42574,P00747
P42574,Q02763
P42574,Q15303
P42574,P11362
P42574,Q9NR96
P42574,P21554
P42574,Q8NER1
P42574,P06239
P42574,Q13224
P42574,P00338
P42574,P17405
P42574,P07288
P42574,P02786
P42574,Q9NPA2
P42574,Q92769
P42574,Q9UBN7
P42574,P06401
P42574,P07948
P42574,P23458
P42574,P04629
P42574,Q07869
P42574,P48051
P42574,Q92731
P42574,P07101
P42574,O15111
P42574,P07949
P42574,O14920
P42574,O60674
P42574,P03372
P42574,P24298
P42574,P12931
P42574,O00206
P42574,Q16665
P42574,P15692
P42574,P14780
P42574,P08581
P42574,P07900
P42574,P05412
P42574,Q9Y6F1
P42574,P01375
P42574,P01138
P42574,P10636
P42574,P09874
P31415,O14958
O14958,P51787
O14958,P63316
O14958,Q15842
O14958,P22460
O14958,Q07699
O14958,Q9UK17
O14958,P48544
O14958,P16066
O14958,Q12809
P41180,P13569
P41180,P27361
P41180,Q9NQA5
P41180,P00797
P41180,Q06495
P41180,P51800
P41180,Q6VVX0
P41180,Q9H1D0
P41180,Q9UBS5
P41180,P51172
P41180,P55017
P41180,Q16665
P41180,Q8N130
P41180,P11473
Q8NEC5,Q08499
Q8NEC5,Q07343
Q8NEC5,P62942
O75828,P36537
O75828,Q9HAS3
O75828,Q86VW1
O75828,P06133
O75828,O75795
O75828,P54855
O75828,Q9HAW7
O75828,P16662
O75828,Q9HAW8
O75828,Q9HAW9
O75828,P35503
O75828,P22310
O75828,P19224
O75828,Q16696
P24385,P19838
P24385,P60568
P24385,P11473
P24385,P00338
P24385,P01138
P24385,P15531
P24385,P36888
P24385,P10828
P24385,Q9NPA2
P24385,Q99835
P24385,P17948
P24385,P04150
P24385,P13631
P24385,P04629
P24385,P22455
P24385,Q07869
P24385,P29317
P24385,P09619
P24385,P07949
P24385,P07288
P24385,P23458
P24385,Q99828
P24385,P01584
P24385,O15111
P24385,Q15303
P24385,P21802
P24385,P09874
P24385,O14920
P24385,O60760
P24385,P04049
P24385,P35968
P24385,Q01860
P24385,P37231
P24385,P11362
P24385,Q02750
P24385,P09038
P24385,P01375
P24385,P08581
P24385,Q92731
P24385,P22607
P24385,P42336
P24385,Q92769
P24385,P27361
P24385,Q9Y6K1
P24385,P14780
P24385,P15692
P24385,P06401
P24385,P00533
P24385,P07900
P24385,P20618
P24385,P28074
P24385,P07948
P24385,O60674
P24385,Q16665
P24385,P05412
P24385,P12931
P24385,P12004
P24385,Q00534
P24385,P11802
P24385,P03372
P11802,Q02750
P11802,P37231
P11802,P31350
P11802,P09884
P11802,P15531
P11802,P23921
P11802,P01375
P11802,Q92769
P11802,P09038
P11802,P06401
P11802,P52333
P11802,Q01860
P11802,P14780
P11802,P09874
P11802,Q16665
P11802,P15692
P11802,Q99828
P11802,P03372
P11802,P42336
P11802,P05412
P11802,Q9Y6K1
P11802,O60674
P11802,P07948
P11802,P12931
P11802,Q00534
P11802,P07900
P11802,P12004
Q00534,Q96SW2
Q00534,P42336
Q00534,Q9Y6K1
Q00534,P23921
Q00534,P09884
Q00534,P14780
Q00534,Q16665
Q00534,P15692
Q00534,P03372
Q00534,Q99828
Q00534,P05412
Q00534,P07900
Q00534,P07948
Q00534,O60674
Q00534,P12931
Q00534,P12004
O00748,P36537
O00748,Q15166
O00748,P19224
O00748,P16662
O00748,Q9HAW9
O00748,P06133
O00748,P24298
O00748,O75469
O00748,P51589
O00748,Q9HAW8
O00748,P54855
O00748,P22310
O00748,O75795
O00748,P35503
O00748,Q9HAW7
P13569,Q15842
P13569,P17405
P13569,Q6V0L0
P13569,Q96RJ0
P13569,O14649
P13569,P07099
P13569,P51172
P13569,Q12809
P13569,P01584
P13569,P08235
P13569,O00206
P13569,P01375
P13569,P18507
P13569,P78334
P13569,Q8N1C3
P13569,P31644
P13569,P28472
P13569,Q99928
P13569,O14764
P13569,P48169
P13569,P18505
P13569,P34903
P13569,P47870
P13569,O75311
P13569,Q16445
P13569,P47869
P13569,O00591
P13569,P51787
P13569,P51800
P13569,P02786
P13569,Q14432
P13569,O15554
P13569,P12931
P13569,P28074
P13569,P20618
P13569,Q9UBN7
P13569,Q13131
P13569,P07900
Q99653,P62942
P08172,P30926
P08172,Q16478
P08172,Q16445
P08172,Q15825
P08172,Q05901
P08172,Q8N1C3
P08172,P30532
P08172,P32297
P08172,P17787
P08172,P43681
P08172,Q15822
P08172,Q99928
P08172,P36544
P08172,P47869
P20309,O95264
P20309,P32297
P20309,P30926
P20309,Q05901
P20309,P30532
P20309,Q15822
P20309,P43681
P20309,P17787
P20309,P36544
P20309,P08912
P08173,P30926
P08173,Q16478
P08173,P28335
P08173,Q15825
P08173,Q05901
P08173,P30532
P08173,Q9UGM1
P08173,P32297
P08173,Q07343
P08173,P17787
P08173,P43681
P08173,Q15822
P08173,P36544
P08912,P30926
P08912,Q16478
P08912,Q15825
P08912,Q05901
P08912,P42262
P08912,P30532
P08912,P32297
P08912,P17787
P08912,P43681
P08912,Q15822
P08912,P36544
Q15822,P30926
Q15822,Q15825
Q15822,Q05901
Q15822,P30532
Q15822,Q9UGM1
Q15822,P32297
Q15822,P14416
Q15822,P17787
Q15822,Q7L0J3
Q15822,P28222
Q15822,P43681
Q15822,Q12879
Q15822,Q07699
Q15822,P18440
Q15822,P36544
P32297,P21917
P32297,P41143
P32297,P30926
P32297,Q15825
P32297,Q05901
P32297,P30532
P32297,Q9UGM1
P32297,P35372
P32297,P14416
P32297,O60674
P32297,P43681
P32297,P36544
P32297,P17787
P43681,P21917
P43681,P30926
P43681,P28335
P43681,Q15825
P43681,P47898
P43681,Q05901
P43681,Q8N1C3
P43681,P42262
P43681,P30532
P43681,P21918
P43681,P28566
P43681,Q9UGM1
P43681,Q9Y5N1
P43681,P14416
P43681,P17787
P43681,Q7L0J3
P43681,P28222
P43681,P35372
P43681,Q13003
P43681,P28221
P43681,Q9ULB1
P43681,O14764
P43681,Q13224
P43681,P35462
P43681,Q12879
P43681,P18507
P43681,Q07699
P43681,O60674
P43681,P36544
P30532,P21917
P30532,P41143
P30532,P30926
P30532,P41145
P30532,Q15825
P30532,Q05901
P30532,P31513
P30532,P28222
P30532,P35372
P30532,Q9UGM1
P30532,P14416
P30532,P36544
P30532,P17787
Q15825,P21917
Q15825,P30926
Q15825,P14416
Q15825,Q9UGM1
Q15825,P17787
Q15825,P36544
Q15825,O60674
Q15825,Q05901
P36544,P21917
P36544,P41143
P36544,P30926
P36544,Q05901
P36544,P21918
P36544,Q9UGM1
P36544,P31644
P36544,P34969
P36544,P14416
P36544,P17787
P36544,Q7L0J3
P36544,P28222
P36544,O60674
P36544,P35462
P36544,Q12879
P36544,Q9ULB1
P36544,Q13224
Q9UGM1,P30926
Q9UGM1,Q05901
Q9UGM1,P17787
P17787,P21917
P17787,P30926
P17787,Q16478
P17787,P47898
P17787,Q05901
P17787,P42262
P17787,P21918
P17787,P14416
P17787,P35462
P17787,Q13224
P17787,Q13003
P17787,Q12879
P17787,P18507
P17787,Q07699
P17787,O60674
Q05901,P21917
Q05901,P30926
Q05901,P14416
P30926,P21917
P30926,P35372
P30926,P14416
P30926,O60674
O15111,P19838
O15111,P01584
O15111,P00533
O15111,P19320
O15111,P07900
O15111,Q9NR96
O15111,P01138
O15111,P15692
O15111,Q16665
O15111,P14780
O15111,P12931
O15111,P03372
O15111,P05412
O15111,P04629
O15111,O00206
O15111,O14920
O15111,P01375
Q99828,P29317
Q99828,P12931
Q99828,P62942
P12277,P19838
P12277,Q92820
P12277,P15531
P12277,P10636
P12277,P00338
P51800,P48169
P51800,O75311
P51800,Q16445
P51800,P47870
P51800,Q8N1C3
P51800,P18505
P51800,P28472
P51800,Q99928
P51800,P78334
P51800,P31644
P51800,P47869
P51800,P18507
P51800,O00591
P51800,O14764
P51800,P34903
P51800,P55017
P21554,P21917
P21554,P30968
P21554,P04150
P21554,P49286
P21554,P41595
P21554,P27361
P21554,P01584
P21554,P37231
P21554,P35346
P21554,P42262
P21554,P48039
P21554,P08581
P21554,P30874
P21554,P14416
P21554,P12931
P21554,P18507
P21554,P35372
P21554,P62166
P21554,P11362
P21554,P35462
P21554,Q12879
P21554,P01138
P21554,O00206
P21554,Q9HC97
P21554,P01375
P21554,P42261
P21554,Q13224
P21554,Q8TDS4
P21554,Q9UBS5
P21554,P07101
P21554,Q15493
P21554,Q07869
P21554,P34972
P21554,Q8NER1
P21554,Q9Y2T6
P34972,P49286
P34972,P37231
P34972,P48039
P34972,P14416
P34972,Q8TDS4
P34972,Q8NER1
P34972,Q9Y2T6
P50416,P00338
P50416,Q96RI1
P50416,P24298
P50416,Q03181
P50416,Q13131
P50416,P55157
P50416,P37231
P50416,P05412
P50416,P19793
P50416,P23786
P50416,Q07869
P23786,P37231
P23786,Q8TD30
P23786,P24298
P23786,P19793
P23786,Q07869
Q96SW2,Q13131
Q96SW2,P09038
Q96SW2,Q9UBN7
Q96SW2,P62942
Q96SW2,P05412
P07333,P60568
P07333,P01584
P07333,P42336
P07333,P09038
P07333,P00533
P07333,P00491
P07333,P05412
P07333,Q16665
P07333,P07948
P07333,Q9NR96
P07333,P24530
P07333,P14780
P07333,O00329
P07333,Q9H244
P07333,P01375
P07333,P01138
P07333,P19320
P07333,P05230
P07333,O00206
P07333,P12931
P07333,P15692
Q6V0L0,P36537
Q6V0L0,P13631
Q6V0L0,P10826
Q6V0L0,Q9HAW9
Q6V0L0,P35503
Q6V0L0,P19224
Q6V0L0,P22310
Q6V0L0,Q9HAW8
Q6V0L0,Q9HAW7
Q6V0L0,O75795
Q6V0L0,P54855
Q6V0L0,P16662
Q6V0L0,P06133
Q02318,Q14973
Q02318,P78329
Q02318,P46721
Q02318,P03372
Q02318,Q8N130
Q02318,P37231
Q02318,P24557
Q02318,Q16696
Q02318,Q14994
Q02318,P19793
Q02318,P07900
Q02318,Q07869
Q02318,P22455
Q02318,Q8TDU6
Q02318,Q6VVX0
Q02318,Q86UW2
Q02318,P13584
Q02318,P51589
Q02318,O75469
Q02318,Q86UW1
Q02318,P11473
Q02318,Q96RI1
Q16696,P78329
Q16696,Q9HB55
Q16696,P36537
Q16696,O60760
Q16696,P19224
Q16696,P16662
Q16696,Q9HAW9
Q16696,P06133
Q16696,O75795
Q16696,P13584
Q16696,O75469
Q16696,Q14994
Q16696,P54855
Q16696,P08263
Q16696,P35503
Q16696,Q9HAW8
Q16696,P22310
Q16696,Q9HAW7
Q16696,P28845
Q16696,P07099
P51589,P78329
P51589,Q16647
P51589,P16662
P51589,P04054
P51589,O75469
P51589,Q07869
P51589,P13584
P51589,Q9NZK7
Q6VVX0,Q9HB55
Q6VVX0,Q9H1D0
Q6VVX0,O75469
Q6VVX0,P19793
Q6VVX0,P13584
Q6VVX0,Q14994
Q6VVX0,P11473
Q9HB55,P54855
Q9HB55,O75795
Q9HB55,P36537
Q9HB55,Q9HAW8
Q9HB55,Q9HAW9
Q9HB55,Q9HAW7
Q9HB55,P13584
Q9HB55,Q01740
Q9HB55,Q14994
Q9HB55,P19224
Q9HB55,P31513
Q9HB55,P35503
Q9HB55,P22310
Q9HB55,O75469
P13584,Q16647
P13584,Q9HAW9
P13584,O75469
P13584,P24557
P13584,Q07869
P13584,Q01740
P78329,O75469
P78329,Q9HAW9
P78329,P19224
P78329,P07099
P78329,Q9NZK7
P78329,P04054
P78329,P38435
Q9Y271,P34995
Q9Y271,P35408
Q9Y271,P04054
Q9Y271,P21731
Q9Y271,P01375
Q9Y271,Q96RI1
O94760,Q9UM07
O94760,P48443
Q02127,P00558
Q02127,P00491
Q02127,O75340
Q02127,P20839
Q9Y6K1,P60568
Q9Y6K1,P36888
Q9Y6K1,P10276
Q9Y6K1,Q01860
Q9Y6K1,Q9UBN7
Q9Y6K1,Q9BY41
Q9Y6K1,P37231
Q9Y6K1,P03372
Q9Y6K1,O60674
Q9Y6K1,Q92769
Q9Y6K1,O14717
P14416,P21917
P14416,P04150
P14416,P43116
P14416,O95264
P14416,Q16478
P14416,P35968
P14416,P47870
P14416,P00533
P14416,Q5T1J1
P14416,P04271
P14416,P35346
P14416,P48549
P14416,Q8N1C3
P14416,P18505
P14416,P42262
P14416,P21918
P14416,P28472
P14416,P10826
P14416,P07949
P14416,P30874
P14416,P48443
P14416,Q92806
P14416,Q9ULB1
P14416,P18507
P14416,P12931
P14416,P28702
P14416,Q13003
P14416,P54219
P14416,P13631
P14416,Q9UBS5
P14416,Q9Y233
P14416,P48051
P14416,P47869
P14416,Q12879
P14416,P42261
P14416,P07101
P14416,Q13224
P14416,P62166
P35462,P21917
P35462,O95264
P35462,P47870
P35462,P62166
P35462,P07101
P35462,Q12879
P35462,P47869
P35462,Q13224
P21917,P28472
P21917,P12931
P21917,Q13224
P21917,P48544
P21917,O95264
P21917,P47870
P21917,P07101
P21917,P48549
P21917,P47869
P21918,P38435
P21918,P47870
P21918,P47898
P21918,Q8TCU5
P21918,P31644
P21918,Q13224
P21918,P28472
P21918,Q12879
P21918,O14764
P21918,P54219
P21918,P18507
P21918,P07101
P21918,O75795
P25101,Q16647
P25101,P00797
P25101,P00533
P25101,P34995
P25101,P01375
P25101,P18507
P25101,P15692
P25101,P12931
P25101,P24530
P25101,O60674
P24530,Q16647
P24530,P22460
P24530,P35968
P24530,P00797
P24530,P07949
P24530,P01375
P24530,P15692
P00533,P19838
P00533,P60568
P00533,P04150
P00533,P68366
P00533,Q99835
P00533,P04049
P00533,P10276
P00533,Q9H3N8
P00533,Q01860
P00533,P09619
P00533,P35916
P00533,P36507
P00533,P27361
P00533,P01584
P00533,P35968
P00533,P42336
P00533,P09038
P00533,P55157
P00533,P00338
P00533,P35408
P00533,Q9HAW9
P00533,P19224
P00533,P24298
P00533,Q8NER1
P00533,O95436
P00533,P11473
P00533,P15531
P00533,P07437
P00533,P22607
P00533,P23921
P00533,P11362
P00533,P19320
P00533,P21802
P00533,P35346
P00533,Q96RI1
P00533,P04629
P00533,P62508
P00533,Q9NPA2
P00533,Q07869
P00533,P00491
P00533,O60760
P00533,Q02750
P00533,P07288
P00533,P17948
P00533,P29317
P00533,P00747
P00533,P02786
P00533,P09874
P00533,P37231
P00533,P01375
P00533,P14780
P00533,P10636
P00533,Q92731
P00533,P05412
P00533,P42685
P00533,P05230
P00533,P01138
P00533,Q8TDU6
P00533,Q71U36
P00533,P07949
P00533,O00206
P00533,P06401
P00533,P52333
P00533,O00329
P00533,Q9UBN7
P00533,P06239
P00533,P15692
P00533,P08581
P00533,P23458
P00533,O60674
P00533,Q16665
P00533,Q15303
P00533,Q14289
P00533,P07948
P00533,P12931
P00533,P03372
P00533,P07900
Q9GZT9,P17948
Q9GZT9,P07900
Q9GZT9,Q13131
Q9GZT9,P07949
Q9GZT9,Q07869
Q9GZT9,P12931
Q9GZT9,P00558
Q9GZT9,P13693
Q9GZT9,P00338
Q9GZT9,P15692
Q9GZT9,Q16665
P29317,P42336
P29317,P09038
P29317,O60760
P29317,P08581
P29317,P07900
P29317,P06239
P29317,Q16665
P29317,P05230
P29317,P01138
P29317,P15692
P29317,P07948
P29317,P12931
P07099,Q14973
P07099,P38435
P07099,P11245
P07099,O60760
P07099,P19224
P07099,P16662
P07099,Q9HAW9
P07099,P08263
P07099,O75469
P07099,P19793
P07099,P18440
Q15303,P09486
Q15303,P35916
Q15303,P27361
Q15303,O15399
Q15303,P35968
Q15303,P42336
Q15303,P09038
Q15303,P47870
Q15303,P17948
Q15303,P48058
Q15303,P04271
Q15303,Q14957
Q15303,O60760
Q15303,P18505
Q15303,Q02750
Q15303,P28472
Q15303,P06401
Q15303,P07900
Q15303,P22607
Q15303,Q9ULB1
Q15303,P11362
Q15303,P42261
Q15303,P07949
Q15303,P05412
Q15303,P21802
Q15303,P04629
Q15303,Q16665
Q15303,Q99928
Q15303,O00329
Q15303,P18507
Q15303,P01138
Q15303,P05230
Q15303,Q92731
Q15303,P12931
Q15303,P15692
Q15303,O60674
Q15303,Q12879
Q15303,Q13224
Q15303,P03372
P03372,P30968
P03372,P19838
P03372,P04150
P03372,P68366
P03372,P04049
P03372,P10276
P03372,Q01860
P03372,P09619
P03372,P27361
P03372,P01584
P03372,P35968
P03372,P42336
P03372,P09038
P03372,P17948
P03372,O60760
P03372,Q71U36
P03372,Q02750
P03372,P35408
P03372,P19224
P03372,Q9HAW9
P03372,P00747
P03372,P07288
P03372,P08581
P03372,P06401
P03372,Q9UBN7
P03372,P07900
P03372,P15531
P03372,P06239
P03372,P22607
P03372,P54855
P03372,Q92731
P03372,P07949
P03372,P09874
P03372,P06703
P03372,P01138
P03372,P05412
P03372,P14780
P03372,P12931
P03372,P12004
P03372,P07101
P03372,O60674
P03372,P11362
P03372,Q02880
P03372,P01375
P03372,P18440
P03372,P04629
P03372,P21802
P03372,Q96RI1
P03372,P15692
P03372,Q92769
P03372,Q16665
Q92731,Q9H4B7
Q92731,P30968
Q92731,P27361
Q92731,P01584
Q92731,P42336
Q92731,P07288
Q92731,P07900
Q92731,P01138
Q92731,P07101
Q92731,P14780
Q92731,P06703
Q92731,P01375
Q92731,P15692
Q92731,Q16665
Q92731,P05412
Q92731,P12931
P62508,O60391
P62508,Q01860
P62508,Q16665
P14324,Q5T1J1
P14324,O95749
P14324,P15531
P05230,P04150
P05230,P36888
P05230,P09619
P05230,P35916
P05230,P27361
P05230,P01584
P05230,P35968
P05230,P42336
P05230,P09038
P05230,P17948
P05230,P37231
P05230,P22455
P05230,P08581
P05230,P22607
P05230,P07949
P05230,Q99584
P05230,P01138
P05230,P14780
P05230,P12931
P05230,Q02763
P05230,P11362
P05230,P01375
P05230,P21802
P05230,P04629
P05230,Q16665
P05230,P15692
P09038,P00750
P09038,P60568
P09038,P09486
P09038,P36888
P09038,P98066
P09038,P04049
P09038,Q01860
P09038,P09619
P09038,P35916
P09038,P27361
P09038,P01584
P09038,P35968
P09038,P42336
P09038,P00797
P09038,P06401
P09038,O60674
P09038,Q99584
P09038,O00206
P09038,Q9NPA2
P09038,Q02750
P09038,P07101
P09038,P05412
P09038,P19320
P09038,P12931
P09038,P07949
P09038,P37231
P09038,P00747
P09038,Q16665
P09038,O60760
P09038,P01375
P09038,P08581
P09038,P01138
P09038,Q02763
P09038,P17948
P09038,P14780
P09038,P04271
P09038,P04629
P09038,P22455
P09038,P15692
P09038,P11362
P09038,P21802
P09038,P22607
P11362,P30968
P11362,P36888
P11362,P10276
P11362,P09619
P11362,P35916
P11362,P27361
P11362,P35968
P11362,P42336
P11362,P17948
P11362,P04271
P11362,P22455
P11362,P08581
P11362,Q06495
P11362,P06401
P11362,P07900
P11362,P22607
P11362,P07949
P11362,P01138
P11362,P28222
P11362,P05412
P11362,P12931
P11362,O00329
P11362,P07101
P11362,O60674
P11362,Q16665
P11362,Q8N130
P11362,P04629
P11362,P21802
P11362,P15692
P21802,P36888
P21802,Q01860
P21802,P27361
P21802,P35968
P21802,P42336
P21802,P22455
P21802,P23921
P21802,P08581
P21802,P06401
P21802,P22607
P21802,P23458
P21802,P07949
P21802,P01138
P21802,P05412
P21802,P12931
P21802,O00329
P21802,O60674
P21802,Q14289
P21802,P15692
P22607,P36888
P22607,P27361
P22607,P42336
P22607,P22455
P22607,P07900
P22607,O00329
P22607,P01138
P22607,P15692
P22607,P23458
P22607,O60674
P22607,P12931
P22607,P05412
P22607,Q14289
P22455,Q14973
P22455,P36888
P22455,P27361
P22455,P42336
P22455,Q8N130
P22455,O75469
P22455,Q86UW2
P22455,Q8TDU6
P22455,Q86UW1
P22455,O00329
P22455,P01138
P22455,P15692
P22455,Q96RI1
P62942,P60568
P62942,P42336
P62942,O60760
P62942,Q07343
P62942,P07900
P62942,P15531
P62942,P06239
P62942,Q08499
P62942,O00329
P62942,P13693
P17948,P09486
P17948,P35916
P17948,Q12809
P17948,P01584
P17948,P35968
P17948,P42336
P17948,Q14289
P17948,Q02763
P17948,P07949
P17948,P00747
P17948,P05412
P17948,P04629
P17948,P01375
P17948,P14780
P17948,P01138
P17948,Q16665
P17948,O00329
P17948,P12931
P17948,P15692
P36888,P60568
P36888,P19320
P36888,Q16665
P36888,O60674
P36888,O00206
P36888,P07948
P36888,P01584
P36888,P12931
P36888,P02786
P36888,P01375
P36888,Q9NR96
P36888,P06239
P36888,P10276
P36888,O00329
P36888,P15692
P36888,P01138
P36888,P42336
P36888,P07900
P35916,P07900
P35916,P01375
P35916,P14780
P35916,P04629
P35916,P07949
P35916,Q16665
P35916,P01138
P35916,O00329
P35916,P12931
P35916,P42336
P35916,P35968
P35916,P15692
Q01740,P19224
Q01740,Q9HAW9
P31513,P36537
P31513,P11245
P31513,O75795
P31513,P22310
P31513,Q96RI1
P42685,P07900
Q9UBS5,P48169
Q9UBS5,Q16445
Q9UBS5,P47870
Q9UBS5,P48549
Q9UBS5,Q8N1C3
Q9UBS5,P18505
Q9UBS5,P42262
Q9UBS5,P28472
Q9UBS5,P31644
Q9UBS5,Q92806
Q9UBS5,P34903
Q9UBS5,P35372
Q9UBS5,Q12879
Q9UBS5,Q13224
Q9UBS5,O14764
Q9UBS5,P42261
Q9UBS5,P47869
Q9UBS5,Q8NER1
Q9UBS5,P18507
Q9UBS5,P48544
Q9UBS5,P48051
P47869,P41143
P47869,P48169
P47869,P41145
P47869,O75311
P47869,Q16445
P47869,P47870
P47869,P48058
P47869,Q14957
P47869,Q8N1C3
P47869,P18505
P47869,P42262
P47869,P28472
P47869,P31644
P47869,Q92806
P47869,P34903
P47869,P78334
P47869,O14764
P47869,Q12879
P47869,Q9ULB1
P47869,P35372
P47869,Q13002
P47869,P18507
P47869,P42261
P47869,Q13224
P47869,P42263
P47869,O00591
P47869,P48051
P47869,Q99928
P34903,Q16478
P34903,P48169
P34903,O75311
P34903,Q16445
P34903,P47870
P34903,P28335
P34903,P48058
P34903,Q8N1C3
P34903,P18505
P34903,P42262
P34903,P28472
P34903,P31644
P34903,Q13224
P34903,Q13002
P34903,P42263
P34903,O00591
P34903,P78334
P34903,O14764
P34903,Q99928
P34903,P18507
P48169,Q13224
P48169,P42261
P48169,P48058
P48169,Q12879
P48169,Q14957
P48169,P42263
P48169,Q9ULB1
P48169,P42262
P48169,P78334
P48169,P47898
P48169,O00591
P48169,O75311
P48169,P54219
P48169,O14649
P48169,Q99928
P48169,O14764
P48169,P28472
P48169,Q8N1C3
P48169,P18505
P48169,P18507
P48169,P47870
P48169,P31644
P48169,Q16445
P31644,O75311
P31644,Q16445
P31644,P47870
P31644,P28335
P31644,P48058
P31644,Q8N1C3
P31644,P18505
P31644,P42262
P31644,P28472
P31644,Q9Y5N1
P31644,Q9ULB1
P31644,Q13224
P31644,P42261
P31644,Q12879
P31644,P42263
P31644,P78334
P31644,O00591
P31644,Q99928
P31644,O14764
P31644,P18507
Q16445,P41145
Q16445,O75311
Q16445,O14649
Q16445,Q12879
Q16445,P42262
Q16445,Q9NZV8
Q16445,Q07699
Q16445,Q92806
Q16445,P78334
Q16445,P47898
Q16445,O00591
Q16445,Q99928
Q16445,Q14957
Q16445,P18505
Q16445,P28472
Q16445,Q8N1C3
Q16445,O14764
Q16445,P18507
Q16445,P47870
P18505,P41145
P18505,O75311
P18505,P47870
P18505,P47898
P18505,Q8N1C3
P18505,Q13002
P18505,Q12879
P18505,P42263
P18505,P42262
P18505,O00591
P18505,O14764
P18505,Q99928
P18505,P78334
P18505,P18507
P18505,P28472
P47870,O75311
P47870,Q16099
P47870,Q14957
P47870,P48058
P47870,Q07699
P47870,Q9NZV8
P47870,O14649
P47870,P42263
P47870,P42261
P47870,Q13003
P47870,P42262
P47870,Q92806
P47870,Q9ULB1
P47870,O00591
P47870,Q13224
P47870,Q12879
P47870,Q99928
P47870,P47898
P47870,O14764
P47870,P78334
P47870,Q8N1C3
P47870,P28472
P47870,P18507
P28472,Q16478
P28472,O75311
P28472,P48058
P28472,Q8N1C3
P28472,P42262
P28472,P42263
P28472,Q13002
P28472,Q07699
P28472,P42261
P28472,Q12879
P28472,O00591
P28472,Q13224
P28472,O14764
P28472,Q99928
P28472,Q9ULB1
P28472,P78334
P28472,P18507
O14764,O75311
O14764,P47898
O14764,Q14957
O14764,Q8N1C3
O14764,P42262
O14764,O14649
O14764,Q9NZV8
O14764,Q9Y5N1
O14764,Q92806
O14764,P78334
O14764,Q12879
O14764,P51172
O14764,P42263
O14764,O00591
O14764,Q99928
O14764,Q07699
O14764,P18507
P78334,O75311
P78334,Q8N1C3
P78334,Q99928
P78334,O00591
P78334,P18507
Q8N1C3,P41143
Q8N1C3,Q16478
Q8N1C3,P41145
Q8N1C3,O75311
Q8N1C3,P47898
Q8N1C3,Q14957
Q8N1C3,P35372
Q8N1C3,Q9ULB1
Q8N1C3,Q12879
Q8N1C3,Q9NZV8
Q8N1C3,P42261
Q8N1C3,Q92806
Q8N1C3,P42262
Q8N1C3,Q99928
Q8N1C3,O00591
Q8N1C3,P18507
P18507,Q16478
P18507,O75311
P18507,P28335
P18507,P48058
P18507,P47898
P18507,P42262
P18507,Q9NZV8
P18507,Q9Y5N1
P18507,Q13639
P18507,Q92806
P18507,Q13003
P18507,Q12879
P18507,Q9ULB1
P18507,Q07699
P18507,Q9NPC2
P18507,P42263
P18507,Q99928
P18507,O00591
P18507,Q13224
P18507,P42261
Q99928,P41145
Q99928,O75311
Q99928,Q13003
Q99928,Q9ULB1
Q99928,O00591
O00591,P04150
O00591,O15554
O00591,O75311
P28676,P30626
P28676,Q9NS40
P28676,Q9NR96
P28676,P16066
P28676,P16860
P38435,O75469
Q92820,P12004
Q92820,Q96NT5
O75311,P42262
P30968,P12931
Q8TDU6,Q14973
Q8TDU6,P01584
Q8TDU6,Q86UW1
Q8TDU6,Q86UW2
Q8TDU6,O75469
Q8TDU6,Q14994
Q8TDU6,O00206
Q8TDU6,Q8TDS4
Q8TDU6,Q07869
Q8TDU6,P11473
Q8TDU6,Q96RI1
Q9HC97,P48775
Q9Y2T6,P49286
Q9Y2T6,P37231
Q9Y2T6,P48039
Q9Y2T6,Q8TDS4
Q9Y2T6,Q07869
Q9Y2T6,Q8NER1
P24298,Q14973
P24298,P60568
P24298,P01584
P24298,P00797
P24298,P37231
P24298,O60760
P24298,P19224
P24298,Q9HAW9
P24298,P07288
P24298,P08263
P24298,O75469
P24298,Q8TD30
P24298,P05412
P24298,P14780
P24298,O00206
P24298,P16860
P24298,P55157
P24298,P00338
P24298,P15692
P24298,Q96RI1
P24298,Q07869
P24298,P01375
Q8TD30,P00338
P42261,O60391
P42261,O95264
P42261,Q16478
P42261,P27361
P42261,O15399
P42261,P48058
P42261,P47898
P42261,Q14957
P42261,P42262
P42261,Q9NZV8
P42261,P10636
P42261,Q8TCU5
P42261,Q92806
P42261,Q7L0J3
P42261,P62166
P42261,Q13003
P42261,P12931
P42261,P07101
P42261,Q12879
P42261,Q14289
P42261,Q9ULB1
P42261,Q13002
P42261,P07948
P42261,Q16099
P42261,Q13224
P42261,P42263
P42262,O60391
P42262,O95264
P42262,Q16478
P42262,O15399
P42262,P28335
P42262,P48058
P42262,P47898
P42262,Q14957
P42262,Q9Y5N1
P42262,Q7L0J3
P42262,Q9NZV8
P42262,P10636
P42262,Q16099
P42262,Q92806
P42262,Q14289
P42262,Q9ULB1
P42262,Q13003
P42262,Q13002
P42262,Q8TCU5
P42262,P07948
P42262,Q92769
P42262,Q12879
P42262,Q13224
P42262,P42263
P42263,O60391
P42263,P41143
P42263,O95264
P42263,Q16478
P42263,O15399
P42263,P28335
P42263,P48058
P42263,Q14957
P42263,Q9NZV8
P42263,Q8TCU5
P42263,Q13003
P42263,Q12879
P42263,Q14289
P42263,Q9ULB1
P42263,Q13002
P42263,P07948
P42263,Q16099
P42263,Q13224
P48058,O60391
P48058,O95264
P48058,Q16478
P48058,O15399
P48058,Q9NZV8
P48058,Q92806
P48058,Q14289
P48058,Q9ULB1
P48058,Q13002
P48058,Q16099
P48058,Q13003
P48058,Q8TCU5
P48058,Q14957
P48058,Q13224
P48058,Q12879
Q13002,O60391
Q13002,O95264
Q13002,Q16478
Q13002,O15399
Q13002,P28335
Q13002,Q14957
Q13002,Q8TCU5
Q13002,Q13003
Q13002,Q12879
Q13002,Q14289
Q13002,Q9ULB1
Q13002,Q07699
Q13002,Q13224
Q13002,Q16099
Q13003,O60391
Q13003,O95264
Q13003,Q16478
Q13003,O15399
Q13003,Q14957
Q13003,Q8TCU5
Q13003,Q92806
Q13003,Q9ULB1
Q13003,Q07699
Q13003,Q14289
Q13003,Q16099
Q13003,Q13224
Q13003,Q12879
Q16099,O60391
Q16099,O95264
Q16099,Q16478
Q16099,O15399
Q16099,Q14957
Q16099,Q8TCU5
Q16099,Q12879
Q16099,Q14289
Q16099,Q07699
Q16099,P48544
Q16099,Q13224
Q16478,O60391
Q16478,O95264
Q16478,Q9ULB1
Q16478,Q07699
Q16478,Q14289
Q16478,Q8TCU5
Q16478,O15399
Q16478,Q13224
Q16478,Q12879
Q16478,Q14957
Q12879,O60391
Q12879,O95264
Q12879,P27361
Q12879,O15399
Q12879,P28335
Q12879,P47898
Q12879,Q14957
Q12879,Q9NZV8
Q12879,P10636
Q12879,Q8TCU5
Q12879,Q92806
Q12879,P12931
Q12879,P07101
Q12879,P35372
Q12879,Q9ULB1
Q12879,Q14289
Q12879,Q13224
Q13224,P00750
Q13224,O60391
Q13224,O95264
Q13224,P27361
Q13224,O15399
Q13224,P01584
Q13224,P35968
Q13224,P28335
Q13224,P47898
Q13224,Q14957
Q13224,Q71U36
Q13224,Q02750
Q13224,Q03181
Q13224,Q9NZV8
Q13224,O75469
Q13224,P10636
Q13224,Q8TCU5
Q13224,P01138
Q13224,P12931
Q13224,P07101
Q13224,Q14289
Q13224,Q9ULB1
Q13224,P35372
Q13224,P07948
Q13224,P04629
Q13224,Q8NER1
Q14957,O60391
Q14957,Q9H3N8
Q14957,O95264
Q14957,O15399
Q14957,P47898
Q14957,P16860
Q14957,Q9Y5N1
Q14957,Q92806
Q14957,Q9NS40
Q14957,Q9NZV8
Q14957,Q14289
Q14957,P12931
Q14957,Q8TCU5
O15399,O60391
O15399,O95264
O15399,Q9NZV8
O15399,Q14289
O15399,P12931
O15399,Q8TCU5
Q8TCU5,O60391
Q8TCU5,O95264
Q8TCU5,Q9NZV8
Q8TCU5,P12931
Q8TCU5,Q14289
O60391,O95264
O60391,Q9NZV8
O60391,Q14289
O60391,Q9NS40
P08263,Q16647
P08263,O60760
P08263,P19224
P08263,Q9HAW9
P08263,Q14994
P08263,P05412
P08263,Q96RI1
P08263,O75469
Q8TDS4,P49286
Q8TDS4,P01584
Q8TDS4,P37231
Q8TDS4,P48039
Q8TDS4,P01375
Q8TDS4,Q8N695
Q92769,P19838
Q92769,P04150
Q92769,P10276
Q92769,Q01860
Q92769,P27361
Q92769,P37231
Q92769,Q03181
Q92769,Q9UBN7
Q92769,P07900
Q92769,P48443
Q92769,P09874
Q92769,P05412
Q92769,P28702
Q92769,Q9UM07
Q92769,O14717
Q92769,P10828
Q92769,P35372
Q92769,Q02880
Q92769,P01375
Q92769,P19793
Q92769,Q16665
Q9UBN7,P19838
Q9UBN7,P04150
Q9UBN7,P68366
Q9UBN7,P27361
Q9UBN7,Q71U36
Q9UBN7,P01375
Q9UBN7,P05412
Q9UBN7,P11473
Q9UBN7,Q9BY41
Q9UBN7,O60674
Q9UBN7,P07437
Q9UBN7,Q16665
Q9UBN7,P10636
Q9UBN7,P07900
Q9BY41,P07900
Q16665,P19838
Q16665,P60568
Q16665,P04150
Q16665,P04049
Q16665,Q01860
Q16665,P09619
Q16665,P27361
Q16665,P01584
Q16665,P35968
Q16665,P42336
Q16665,P00797
Q16665,P37231
Q16665,P19320
Q16665,O60760
Q16665,Q02750
Q16665,P00747
Q16665,P08581
Q16665,P06401
Q16665,P07900
Q16665,P23458
Q16665,Q13131
Q16665,P07949
Q16665,P02786
Q16665,P09874
Q16665,P01138
Q16665,P05412
Q16665,P14780
Q16665,P00558
Q16665,P12931
Q16665,O00206
Q16665,Q02763
Q16665,O60674
Q16665,Q07869
Q16665,P01375
Q16665,O14920
Q16665,P04629
Q16665,P00338
Q16665,P15692
O60760,Q15311
O60760,Q16647
O60760,P04049
O60760,P27361
O60760,P01584
O60760,P42336
O60760,P11245
O60760,P37231
O60760,P10636
O60760,P07948
O60760,P24557
O60760,P15692
O60760,Q14994
O60760,Q02750
O60760,P19224
O60760,P01375
O60760,Q9HAW9
O60760,O14920
O60760,O75469
O60760,Q9Y5Y4
O60760,Q07869
O60760,Q7L0J3
O60760,O60674
O60760,P12931
O60760,P07900
O60760,P05412
P35367,Q13131
P35367,Q8NER1
P25021,Q13131
Q9Y5N1,Q12809
Q9Y5N1,Q5T1J1
Q9Y5N1,P47898
Q9Y5N1,P28566
Q9Y5N1,Q9NPC2
Q9Y5N1,Q13131
Q9Y5N1,Q92806
Q9H3N8,Q8NER1
Q9H3N8,O00206
Q9H3N8,Q9NS40
P28845,P04150
P28845,P36537
P28845,P00797
P28845,P37231
P28845,P19224
P28845,P16662
P28845,Q9HAW9
P28845,P06133
P28845,O75795
P28845,P54855
P28845,Q9HAW8
P28845,P08235
P28845,P01375
P28845,Q07869
P28845,P35503
P28845,Q9HAW7
P28845,P22310
P28845,P19793
P07900,Q15311
P07900,P60568
P07900,P04150
P07900,Q16647
P07900,P04049
P07900,P09619
P07900,Q12809
P07900,P20618
P07900,P36507
P07900,P27361
P07900,P01584
P07900,P35968
P07900,P42336
P07900,P37231
P07900,Q71U36
P07900,Q02750
P07900,P07288
P07900,P08581
P07900,P06401
P07900,P31350
P07900,P14780
P07900,P07101
P07900,P06703
P07900,P28074
P07900,P11473
P07900,P52333
P07900,P00338
P07900,P15531
P07900,P24557
P07900,Q13131
P07900,P01375
P07900,P07437
P07900,O75469
P07900,P00558
P07900,P07949
P07900,P04629
P07900,P05412
P07900,Q14994
P07900,P13693
P07900,P23458
P07900,P09874
P07900,P06239
P07900,P08235
P07900,P10636
P07900,O60674
P07900,Q14289
P07900,O00206
P07900,P07948
P07900,P15692
P07900,Q07869
P07900,O14920
P07900,P12931
P28222,O95264
P28222,P47898
P28222,O14649
P28222,P28221
P28221,O95264
P28221,P47898
P28221,P54219
P28566,O95264
P28566,P47898
P28566,P05141
P30939,O95264
P30939,P25105
P30939,P16860
P41595,Q12809
P41595,P04629
P41595,P07948
P41595,P54219
P41595,O95264
P41595,P28335
P28335,O95264
P28335,Q03181
P28335,P54219
P28335,P34995
O95264,P41143
O95264,P50406
O95264,P41145
O95264,Q14289
O95264,P35372
O95264,P47898
O95264,P34969
O95264,P54219
Q13639,Q12809
Q13639,P50406
Q13639,P34969
P47898,Q9NPC2
P47898,Q92806
P50406,P34969
P34969,P25105
P34969,P16860
O14920,P19838
O14920,P60568
O14920,P01584
O14920,P37231
O14920,P19320
O14920,Q9NR96
O14920,P09874
O14920,P01138
O14920,P05412
O14920,P14780
O14920,P12931
O14920,O00206
O14920,Q07869
O14920,P01375
O14920,P11473
O14920,P15692
O14920,P04629
P01584,P00750
P01584,P19838
P01584,P60568
P01584,P04150
P01584,P98066
P01584,P27361
P01584,P06239
P01584,P25105
P01584,Q9UM07
P01584,P34995
P01584,P17405
P01584,P10636
P01584,O75469
P01584,P12724
P01584,P02786
P01584,P04629
P01584,P09874
P01584,P25103
P01584,Q02763
P01584,P52333
P01584,P43115
P01584,Q96RI1
P01584,Q9NPA2
P01584,Q9H244
P01584,P30536
P01584,P07101
P01584,P11473
P01584,P20701
P01584,Q02750
P01584,P04054
P01584,P00797
P01584,P23458
P01584,P07948
P01584,P35408
P01584,Q8NER1
P01584,P12931
P01584,P04271
P01584,P35968
P01584,P00747
P01584,Q07869
P01584,P01138
P01584,P37231
P01584,P19320
P01584,P15692
P01584,P14780
P01584,Q9NR96
P01584,P42336
P01584,O00206
P01584,P05412
P01584,O60674
P01584,P01375
P60568,P19838
P60568,P12724
P60568,P11473
P60568,P35968
P60568,P04150
P60568,P35372
P60568,P07288
P60568,P09874
P60568,P37231
P60568,Q9Y5Y4
P60568,P01138
P60568,P14780
P60568,P12931
P60568,P19320
P60568,P02786
P60568,P20701
P60568,O00329
P60568,Q9NR96
P60568,O00206
P60568,P09619
P60568,P15692
P60568,O60674
P60568,P36507
P60568,P17405
P60568,P42336
P60568,Q14289
P60568,P01375
P60568,Q02750
P60568,P27361
P60568,P05412
P60568,P06239
P60568,P23458
P60568,P52333
P20839,P18545
P20839,P00558
P20701,P19320
P20701,P06239
P20701,O00206
P20701,P02786
P20701,P07948
P20701,P01375
P20701,P12931
P20701,Q14289
P23458,P19838
P23458,P04049
P23458,P23469
P23458,P09619
P23458,P36507
P23458,P27361
P23458,P35968
P23458,P42336
P23458,Q02750
P23458,P08581
P23458,P06239
P23458,P17405
P23458,Q9NR96
P23458,P15692
P23458,O00206
P23458,P05412
P23458,O00329
P23458,P01375
P23458,O60674
P23458,Q14289
P23458,P52333
O60674,P19838
O60674,P04049
O60674,P09619
O60674,P36507
O60674,P27361
O60674,P35968
O60674,P42336
O60674,P37231
O60674,P19320
O60674,Q02750
O60674,P08581
O60674,P06239
O60674,Q9Y2I1
O60674,P02786
O60674,P05412
O60674,P14780
O60674,P12931
O60674,O00206
O60674,O00329
O60674,Q14289
O60674,P15692
O60674,P01375
O60674,P07948
O60674,P52333
P52333,P19838
P52333,P09619
P52333,P36507
P52333,P27361
P52333,P42336
P52333,Q02750
P52333,P06239
P52333,P17405
P52333,P05412
P52333,O00329
P52333,Q14289
P52333,P01375
P05412,P19838
P05412,P04150
P05412,P04049
P05412,Q01860
P05412,P09619
P05412,P36507
P05412,P27361
P05412,P35968
P05412,P42336
P05412,P00797
P05412,P37231
P05412,P19320
P05412,Q02750
P05412,P19224
P05412,P00747
P05412,Q03181
P05412,P08581
P05412,P06401
P05412,O75469
P05412,P15531
P05412,P06239
P05412,P07949
P05412,Q9NR96
P05412,P09874
P05412,P01138
P05412,P07101
P05412,Q96RI1
P05412,Q14289
P05412,P04629
P05412,P11473
P05412,O00206
P05412,P14780
P05412,P00338
P05412,P07948
P05412,P12931
P05412,P15692
P05412,P01375
P05412,Q07869
P22001,P51787
P22001,Q15842
P22001,P22460
P22001,Q12809
P22001,O15554
P22001,O95259
P22001,Q5T1J1
P22001,P48549
P22001,O14649
P22001,Q9UK17
P22001,Q9NS40
P22001,Q9NZV8
P22001,P06239
P22001,Q9NR82
P22001,P48544
P22001,Q8NER1
P22001,O95069
P22001,Q9NPC2
P22001,Q9H252
P22460,P51787
P22460,Q15842
P22460,Q07699
P22460,Q9NPC2
P22460,O95069
P22460,Q9NS40
P22460,O00180
P22460,Q9H252
P22460,Q9UK17
P22460,O14649
P22460,Q9NZV8
P22460,Q9NR82
P22460,P48544
P22460,P48549
P22460,O95259
P22460,P12931
P22460,Q12809
Q9NZV8,P51787
Q9NZV8,Q15842
Q9NZV8,Q12809
Q9NZV8,O15554
Q9NZV8,Q9Y257
Q9NZV8,O95259
Q9NZV8,P48549
Q9NZV8,O14649
Q9NZV8,Q9NS40
Q9NZV8,O95069
Q9NZV8,P48051
Q9NZV8,O00180
Q9NZV8,Q07699
Q9NZV8,P48544
Q9NZV8,Q9NPC2
Q9NZV8,Q9H252
Q9NZV8,Q9NR82
Q9NZV8,Q92806
Q9NZV8,P62166
Q9UK17,P51787
Q9UK17,Q15842
Q9UK17,Q12809
Q9UK17,O15554
Q9UK17,Q9Y257
Q9UK17,O95259
Q9UK17,P48549
Q9UK17,O14649
Q9UK17,O95069
Q9UK17,P48051
Q9UK17,Q92806
Q9UK17,O00180
Q9UK17,P12931
Q9UK17,Q9H252
Q9UK17,Q9NS40
Q9UK17,P48544
Q9UK17,Q9NR82
Q9UK17,P62166
Q9UK17,Q07699
O95259,P51787
O95259,Q15842
O95259,Q12809
O95259,O15554
O95259,Q92806
O95259,Q9NPC2
O95259,Q9H252
O95259,Q9NS40
O95259,Q9NR82
Q12809,P51787
Q12809,Q15842
Q12809,Q8NER1
Q12809,P12931
Q12809,Q9NPC2
Q12809,O95069
Q12809,O15554
Q12809,O14649
Q12809,P48549
Q12809,Q5T1J1
Q12809,Q07699
Q12809,O00180
Q12809,P48544
Q12809,Q9NR82
Q12809,Q9H252
Q9H252,P51787
Q9H252,Q5T1J1
Q9H252,Q9NR82
Q9NS40,P51787
Q9NS40,P48549
Q9NS40,O00180
Q9NS40,Q9NR82
P48549,P51787
P48549,O15554
P48549,P55017
P48549,O95069
P48549,P35372
P48549,O14649
P48549,Q9NPC2
P48549,O00180
P48549,Q92806
P48549,P48051
P48549,P48544
P48544,P51787
P48544,O15554
P48544,P00797
P48544,O14649
P48544,O00180
P48544,O95069
P48544,Q07699
P48544,Q9NPC2
P48051,O14649
P48051,Q92806
P48051,P07101
P48051,O95069
P48051,P35372
P48051,Q9NPC2
Q15842,P51787
Q15842,Q9NPC2
Q15842,O95069
Q15842,O00180
Q15842,O14649
Q15842,Q07699
Q92806,P51787
Q92806,O14649
Q92806,Q9NPC2
O00180,P51787
O00180,O15554
O00180,Q9Y257
O00180,O14649
O00180,O95069
O00180,Q9NPC2
O95069,P51787
O95069,O15554
O95069,Q9Y257
O95069,O14649
O95069,Q9NPC2
O95069,Q8NER1
O14649,P51787
O14649,O15554
O14649,Q9Y257
O14649,Q9NQA5
O14649,P00797
O14649,Q9H1D0
O14649,Q8NER1
O14649,Q9NPC2
Q9Y257,O15554
Q9Y257,Q9NPC2
Q9NPC2,P51787
Q9NPC2,O15554
Q9NPC2,P00797
Q9NPC2,Q8NER1
O15554,P51787
O15554,P15531
O15554,Q9H1D0
O15554,Q9NQA5
P51787,P37231
P51787,O75751
P51787,Q07699
P51787,P49286
P51787,Q9NR82
Q9NR82,P08235
P35968,P09486
P35968,Q01860
P35968,P09619
P35968,P12235
P35968,P07949
P35968,P37231
P35968,P00747
P35968,P04629
P35968,Q02763
P35968,P01375
P35968,P08581
P35968,P14780
P35968,P01138
P35968,O75340
P35968,O00329
P35968,Q14289
P35968,P42336
P35968,P12931
P35968,P15692
P06870,P00797
P06870,P01138
P07288,P04150
P07288,P01375
P07288,P12931
P07288,P14780
P07288,P01138
P07288,P06401
P07288,P15692
P06239,P00750
P06239,P19838
P06239,P04150
P06239,P04049
P06239,P09619
P06239,P36507
P06239,P27361
P06239,P42336
P06239,P19320
P06239,Q02750
P06239,O00329
P06239,P01375
P06239,P02786
P06239,P10636
P06239,P12931
P06239,Q9H1D0
P06239,P17405
P06239,P07948
P06239,Q14289
P00338,P12235
P00338,P02786
P00338,P05141
P00338,P00558
P00338,P12004
P00338,P15692
P07948,P19838
P07948,P04049
P07948,P09619
P07948,P27361
P07948,P42336
P07948,Q08499
P07948,Q9H1D0
P07948,Q9NR96
P07948,P12931
P07948,O00206
P07948,O00329
P07948,Q14289
P07948,P01375
Q02750,P19838
Q02750,P04049
Q02750,P36507
Q02750,P27361
Q02750,P42336
Q02750,P37231
Q02750,P10636
Q02750,Q07869
Q02750,P01138
Q02750,O00206
Q02750,P14780
Q02750,P15692
Q02750,P01375
Q02750,P12931
P36507,P04049
P36507,P12931
P36507,P42336
P36507,P27361
P27816,P04271
P27816,P10636
P27361,P00750
P27361,P19838
P27361,P04150
P27361,P04049
P27361,P10276
P27361,P23469
P27361,Q01860
P27361,Q9NR96
P27361,P35408
P27361,Q02763
P27361,Q14994
P27361,Q8NER1
P27361,Q9Y2I1
P27361,P11473
P27361,P00797
P27361,P19320
P27361,P07101
P27361,P00747
P27361,Q9NZK7
P27361,P42336
P27361,P37231
P27361,P09874
P27361,P07949
P27361,P14780
P27361,P04271
P27361,P15692
P27361,P01375
P27361,O00206
P27361,P10828
P27361,P28702
P27361,P48443
P27361,P13631
P27361,P10826
P27361,P04054
P27361,P10636
P27361,P08581
P27361,P19793
P27361,P04629
P27361,P06401
P27361,Q07869
P27361,P01138
P27361,P12931
P10636,Q9H4B7
P10636,P68366
P10636,P12235
P10636,P04271
P10636,Q71U36
P10636,P07437
P10636,P01375
P10636,P02786
P10636,Q9ULB1
P10636,P07101
P10636,P01138
P10636,Q14289
P10636,P12931
P10636,Q13131
P08581,P00750
P08581,Q01860
P08581,P09619
P08581,P42336
P08581,P00747
P08581,P07949
P08581,P01375
P08581,P04629
P08581,P14780
P08581,P01138
P08581,O00329
P08581,P15692
P08581,P12931
Q9NPA2,P15692
Q9NPA2,P01375
P14780,P00750
P14780,P19838
P14780,P09486
P14780,Q01860
P14780,P09619
P14780,P00797
P14780,P37231
P14780,P04271
P14780,P19320
P14780,P35408
P14780,P00747
P14780,P06401
P14780,P15531
P14780,Q9NR96
P14780,P01138
P14780,Q07869
P14780,Q02763
P14780,P04629
P14780,O00206
P14780,P01375
P14780,P12931
P14780,P15692
P48039,P49286
P49286,P37231
P55157,P37231
P55157,Q07869
P55157,Q96RI1
P18440,P36537
P18440,P00797
P18440,P11245
P18440,Q9HAW7
P11245,P00797
P11245,Q9HAW7
P11245,P54855
P11245,P16662
P11245,P19224
P11245,O75795
P11245,Q9HAW9
P62166,P04271
P19838,P19320
P19838,P07437
P19838,Q9NR96
P19838,P19793
P19838,P09874
P19838,P04049
P19838,Q02763
P19838,P01138
P19838,P04271
P19838,O00206
P19838,P28074
P19838,P12931
P19838,P20618
P19838,P42336
P19838,P37231
P19838,P01375
P19838,P04150
P01138,P00750
P01138,P04150
P01138,P09619
P01138,P42336
P01138,P37231
P01138,P04271
P01138,P25103
P01138,P00747
P01138,P07949
P01138,P02786
P01138,O00206
P01138,P35372
P01138,P12931
P01138,Q02763
P01138,P01375
P01138,P07101
P01138,P15692
P01138,Q8NER1
P01138,P04629
Q9Y2I1,Q14973
Q9Y2I1,P10276
Q9Y2I1,Q86UW1
Q9Y2I1,Q86UW2
Q9Y2I1,P19793
Q9Y2I1,Q96RI1
P15531,P23921
P15531,P12004
P15531,P15692
P15531,Q13131
P15531,P16066
P15531,P31350
P16860,P00797
P16860,P08235
P16860,P16066
P16860,P25105
P16860,P01375
P16066,Q13956
P16066,P00797
P16066,P18545
P16066,Q14432
P16066,P55017
P16066,Q9Y233
Q96RI1,Q14973
Q96RI1,Q96BD0
Q96RI1,P36537
Q96RI1,Q86UW1
Q96RI1,P19224
Q96RI1,Q9HAW9
Q96RI1,P06133
Q96RI1,P46721
Q96RI1,Q86UW2
Q96RI1,P48443
Q96RI1,P12931
Q96RI1,O00206
Q96RI1,P28702
Q96RI1,P19652
Q96RI1,P01375
Q96RI1,P35503
Q96RI1,P19793
Q96RI1,Q9NYB5
O75469,Q14973
O75469,Q96BD0
O75469,Q86UW1
O75469,P19224
O75469,P16662
O75469,Q9HAW9
O75469,P06133
O75469,P46721
O75469,Q86UW2
O75469,P17735
O75469,P15692
O75469,P01375
O75469,O00206
O75469,P54855
O75469,P09874
O75469,Q9NYB5
O75469,P22310
O75469,P12236
O75469,P35503
O75469,P28702
O75469,P12931
O75469,P19793
Q14994,Q14973
Q14994,Q86UW1
Q14994,P19224
Q14994,P16662
Q14994,Q9HAW9
Q14994,P06133
Q14994,P46721
Q14994,Q86UW2
Q14994,P22310
Q14994,Q9NYB5
Q14994,P35503
Q14994,P19793
P04150,P15692
P04150,P00797
P04150,P07101
P04150,O00206
P04150,P37231
P04150,P12931
P04150,P06401
P04150,P17735
P04150,P08235
P04150,P42336
P04150,P19793
P04150,P10276
P04150,P01375
P08235,P00797
P08235,P06401
P08235,P55017
P04629,P42336
P04629,P37231
P04629,P07949
P04629,O00329
P04629,Q02763
P04629,P07101
P04629,P01375
P04629,Q8NER1
P04629,P15692
Q02818,Q99584
P41143,P35372
P41145,P15692
P35372,Q5T1J1
P35372,P16662
P35372,P06401
P35372,P43115
P35372,P12931
P35372,P07101
P35372,Q8NER1
P19652,P17735
Q9H244,P01375
Q9H244,P21731
Q9UM07,P01375
P09874,Q9UGN5
P09874,P10276
P09874,Q01860
P09874,P06746
P09874,P06401
P09874,P12931
P09874,P15692
P09874,P01375
P09874,Q9Y6F1
P09874,P09884
P09874,Q02880
P09874,P12004
Q9UGN5,Q02880
Q9UGN5,P12004
Q9UGN5,P06746
Q9Y6F1,P06746
P12004,P06746
P12004,P23921
P12004,Q969P6
P12004,P31350
P12004,P00558
P12004,P09884
P12004,Q02880
O75340,Q9UBV8
Q9Y233,P20618
Q9Y233,Q08499
Q9Y233,Q08493
Q9Y233,Q14432
Q14432,Q07343
Q14432,Q08499
Q14432,Q9NYB5
Q07343,Q13956
Q07343,P01375
Q07343,Q08499
Q08493,P30626
Q08493,P18545
Q08493,P30874
Q08499,P12931
P09619,P09486
P09619,P04049
P09619,Q01860
P09619,P37231
P09619,P01375
P09619,P19320
P09619,Q08357
P09619,O00329
P09619,P15692
P09619,P42336
P09619,P12931
P00558,P68366
P00558,P20618
P00558,P07437
P00558,P02786
P00558,P13693
P00558,P15692
P06401,Q01860
P06401,P42336
P06401,P01375
P06401,P15692
P06401,P06703
P06401,O00329
P06401,P12931
P42336,P04049
P42336,Q13131
P42336,Q14289
P42336,P10828
P42336,O00329
P42336,O00206
P42336,P17405
P42336,Q02763
P42336,P15692
P42336,P07949
P42336,P12931
O00329,P04049
O00329,P19320
O00329,P07949
O00329,P12931
O00329,O00206
O00329,P10828
Q9P0L9,Q9NQA5
Q9P0L9,P51172
Q9P0L9,Q8NER1
Q9P0L9,Q9H1D0
P04054,Q16647
P04054,P37231
P04054,Q8NER1
P04054,P01375
P04054,Q9NZK7
P00750,P00797
P00750,P19320
P00750,P15692
P00750,P01375
P00750,P00747
P00747,P09486
P00747,Q9NQA5
P00747,P00797
P00747,P37231
P00747,P19320
P00747,O00206
P00747,P12931
P00747,P01375
P00747,P15692
P00747,Q02763
P09884,P23921
P09884,Q969P6
P09884,P31350
P09884,Q02880
Q01860,P13631
Q01860,P12931
Q01860,P37231
Q01860,P13693
Q01860,Q71U36
Q01860,P15692
Q07869,Q14973
Q07869,P00797
Q07869,Q5T1J1
Q07869,P19320
Q07869,P19224
Q07869,Q9HAW9
Q07869,Q13131
Q07869,P48443
Q07869,P12931
Q07869,O00206
Q07869,P28702
Q07869,P15692
Q07869,Q8NER1
Q07869,P01375
Q07869,P19793
Q03181,Q16647
Q03181,P04049
Q03181,P01375
Q03181,P48443
Q03181,P28702
Q03181,P19793
P37231,P09486
P37231,P04049
P37231,P00797
P37231,P35408
P37231,P11473
P37231,Q8NER1
P37231,Q13131
P37231,P07949
P37231,P19320
P37231,P15692
P37231,O00206
P37231,Q9Y5Y4
P37231,P12931
P37231,P48443
P37231,P28702
P37231,P01375
P37231,P19793
P20618,P28074
P25105,P01375
P25105,O00206
Q9Y5Y4,P34995
Q9Y5Y4,P35408
Q9Y5Y4,P01375
Q9Y5Y4,P21731
Q9Y5Y4,P43115
P34995,Q16647
P34995,P21731
P34995,Q8NER1
P34995,P43088
P43116,P43088
P43116,Q92959
P43116,P43119
P43116,P35408
P43115,Q16647
P43115,Q92959
P43115,P15692
P43115,P24557
P43115,P01375
P35408,Q16647
P35408,P00797
P35408,P43119
P35408,P24557
P35408,O00206
P35408,Q8NER1
P35408,P15692
P35408,Q92959
P35408,P01375
P35408,P12931
P43088,Q16647
P43088,Q92959
P43088,Q08357
P43119,Q16647
P43119,P48443
P43119,P24557
P43119,Q92959
P43119,P21731
Q16647,P21731
Q16647,P00797
Q16647,Q5T1J1
Q16647,P24557
Q14289,P19320
Q14289,Q9NR96
Q14289,P12931
Q14289,P01375
Q14289,P15692
P23469,P12931
P04049,P28702
P04049,P15692
P04049,P19793
P04049,P51172
P04049,P12931
P10276,Q02880
P10276,P12931
P10276,P11473
P10276,P10828
P10276,P10826
P10276,P13631
P10276,P48443
P10276,P28702
P10276,P19793
P10826,Q02880
P10826,Q99584
P10826,P13631
P10826,P10828
P10826,P11473
P10826,P48443
P10826,P28702
P10826,P19793
P13631,P48443
P13631,P28702
P13631,Q9HAS3
P13631,P10828
P13631,P11473
P13631,P19793
P00797,P07101
P00797,O00206
P00797,P12931
P00797,P19320
P00797,P55017
P00797,P15692
P00797,P01375
P00797,P11473
P07949,P07101
P07949,O95436
P07949,P15692
P07949,P12931
P12724,Q96BD0
P12724,P01375
P23921,Q9HAS3
P23921,O00337
P23921,Q02880
P23921,P31350
P31350,P02786
P31350,O00337
P19793,P48443
P19793,P12931
P19793,P28702
P19793,P10828
P19793,Q02880
P19793,P01375
P19793,P35503
P19793,P11473
P28702,P48443
P28702,P10828
P28702,P35503
P28702,P11473
P48443,P10828
P48443,P11473
Q99584,P04271
Q99584,P06703
P06703,P04271
P04271,O00206
P04271,P15692
P04271,P07101
P04271,P01375
P04271,P12931
Q6FHJ7,P98066
Q14973,Q9UIG8
Q14973,Q86VL8
Q14973,P19224
Q14973,Q9HAW9
Q14973,P06133
Q14973,Q9NYB5
Q14973,Q86UW2
Q14973,Q96BD0
Q14973,Q86UW1
Q14973,P46721
P55017,Q9NQA5
P55017,Q8WUM9
P55017,Q06495
P55017,Q08357
Q8TF71,Q96BD0
Q8TF71,Q01650
Q8TF71,P46721
Q8TF71,Q6ZQN7
Q8TF71,Q92959
Q8TF71,Q9UIG8
Q8TF71,P10828
Q8TF71,Q9NYB5
P54219,P07101
Q8WUM9,Q01650
Q8WUM9,Q86VL8
Q8WUM9,Q86VW1
Q8WUM9,O95436
Q8WUM9,Q8N130
Q8WUM9,Q06495
Q08357,Q01650
Q08357,Q9NQA5
Q08357,Q06495
Q08357,Q86VL8
Q08357,Q86VW1
Q08357,Q8N130
Q08357,O95436
Q63ZE4,Q96BD0
Q63ZE4,P46721
Q63ZE4,Q6ZQN7
Q63ZE4,Q9UIG8
Q63ZE4,O00337
Q86VW1,Q01650
Q86VW1,Q86VL8
Q86VW1,Q9HAS3
O75751,Q96BD0
O75751,Q9NRM0
O75751,Q92959
O75751,Q86UW1
O75751,P46721
O75751,Q86VL8
P12235,P30536
P12235,P12236
P12235,P05141
P05141,P13693
P05141,P30536
P05141,P12236
P12236,P13693
P12236,P30536
O00337,Q96BD0
O00337,P46721
Q9HAS3,P19224
Q9HAS3,P46721
Q9HAS3,Q9UIG8
Q9NRM0,Q86VL8
Q9NRM0,Q06495
Q06495,Q9NQA5
Q06495,P11473
Q06495,O95436
Q06495,Q8N130
O95436,P11473
O95436,Q8N130
Q8N130,Q9NQA5
Q8N130,Q9H1D0
Q8N130,P11473
Q96NT5,Q86VL8
Q96NT5,P02786
Q86VL8,P46721
Q86VL8,Q6ZQN7
Q86UW1,Q96BD0
Q86UW1,P35503
Q86UW1,Q9NYB5
Q86UW1,Q9HAW9
Q86UW1,P19224
Q86UW1,P06133
Q86UW1,P46721
Q86UW1,Q86UW2
Q86UW2,P06133
Q86UW2,P46721
Q86UW2,Q9NYB5
Q01650,Q9NYB5
P46721,P19224
P46721,Q9HAW9
Q9NYB5,Q96BD0
Q9NYB5,P10828
Q99835,P32745
P17405,P01375
P09486,P19320
P09486,P15692
P12931,P19320
P12931,Q9H1D0
P12931,P02786
P12931,Q9NR96
P12931,P01375
P12931,O00206
P12931,P11473
P12931,Q8NER1
P12931,P15692
Q7L0J3,P07101
P25103,P07101
P25103,P01375
P25103,Q8NER1
P17735,P48775
P17735,P07101
P21731,P24557
Q02763,P19320
Q02763,P01375
Q02763,P15692
P02786,P19320
P02786,P15692
P02786,P01375
P07101,Q8NER1
P07101,P01375
O00206,P98066
O00206,P19320
O00206,Q9NR96
O00206,P11473
O00206,Q8NER1
O00206,P15692
O00206,P01375
Q9NR96,P15692
Q9NR96,P01375
P01375,P98066
P01375,P19320
P01375,P30536
P01375,Q8NER1
P01375,P11473
P01375,P15692
P98066,P15692
Q969P6,Q02880
Q02880,P11473
P13693,P07437
P13693,P11473
Q9NQA5,P11473
Q9H1D0,P11473
Q71U36,Q9H4B7
Q71U36,P68366
Q71U36,P07437
P68366,Q9H4B7
P68366,P07437
Q9HAW8,Q9HAW7
P35503,P19224
P35503,P22310
P22310,P19224
P36537,P16662
P54855,O75795
P19320,P15692
P11473,P15692
