DB11093,P05937
DB11348,P05937
DB00150,P48775
DB00152,P13584
DB00153,Q02318
DB00153,Q6VVX0
DB00158,Q92820
DB00169,Q6VVX0
DB00169,Q02318
DB00169,P51589
DB00184,Q16696
DB00185,Q01740
DB00186,P54855
DB00227,Q15166
DB00227,P35503
DB00227,P16662
DB00244,P18440
DB00250,P31513
DB00250,P11245
DB00252,P19224
DB00252,P07099
DB00252,P22310
DB00295,P16662
DB00295,Q9HAW9
DB00295,P54855
DB00295,P06133
DB00295,P35503
DB00300,P27144
DB00300,P15531
DB00300,P12277
DB00313,P22310
DB00313,Q9HAW9
DB00313,Q9HAW8
DB00313,P19224
DB00313,P35503
DB00313,P16662
DB00313,P54855
DB00316,P19224
DB00316,P54855
DB00316,P0DMM9
DB00316,P11245
DB00318,P16662
DB00318,P06133
DB00321,P36537
DB00321,P22310
DB00327,P35503
DB00327,P16662
DB00328,P16662
DB00334,P31513
DB00334,P22310
DB00363,P31513
DB00363,P22310
DB00366,Q14097
DB00388,P0DMM9
DB00409,P00176
DB00422,Q6LAP9
DB00434,P35503
DB00445,P16662
DB00455,P36537
DB00455,P35503
DB00455,P54855
DB00461,P28845
DB00461,Q04828
DB00465,P16662
DB00472,Q14097
DB00481,Q9HAW8
DB00481,Q9HAW9
DB00495,P16662
DB00500,P48775
DB00501,P31513
DB00501,Q01740
DB00514,P06133
DB00514,P16662
DB00514,P54855
DB00514,O75795
DB00553,Q16696
DB00563,Q92820
DB00564,P16662
DB00564,P19224
DB00564,Q9HAW7
DB00582,Q01740
DB00582,P31513
DB00586,P16662
DB00586,P35503
DB00586,P06133
DB00598,P16662
DB00624,Q9HB55
DB00624,Q16696
DB00635,P28845
DB00637,P51589
DB00641,P35503
DB00641,P16662
DB00675,Q01740
DB00675,P31513
DB00675,Q9HAW8
DB00675,P16662
DB00675,O75795
DB00678,P35503
DB00678,Q9HAW8
DB00678,P16662
DB00678,O75795
DB00683,P22310
DB00687,P28845
DB00688,Q9HAW7
DB00688,P19224
DB00688,P16662
DB00688,Q9HAW9
DB00688,Q9HAW8
DB00709,P00558
DB00709,P15531
DB00712,P16662
DB00712,P35503
DB00712,P06133
DB00714,P0DMM9
DB00718,P27144
DB00718,P15531
DB00741,P28845
DB00749,P35503
DB00749,Q9HAW8
DB00749,P16662
DB00762,O00748
DB00763,P31513
DB00776,Q04828
DB00776,O75828
DB00779,P48775
DB00783,P54855
DB00787,P15531
DB00787,P12277
DB00787,P00558
DB00788,P16662
DB00788,P35503
DB00788,P19224
DB00788,Q9HAW7
DB00788,Q9HAW9
DB00788,Q9HAW8
DB00796,P35503
DB00808,P07099
DB00818,Q9HAW9
DB00818,P19224
DB00831,P22310
DB00842,P54855
DB00842,P16662
DB00861,Q9HAW9
DB00869,P00176
DB00870,P16662
DB00898,P28332
DB00910,P22310
DB00918,P31513
DB00924,P22310
DB00924,P36537
DB00945,P19224
DB00945,P11245
DB00951,P11245
DB00959,Q04828
DB00959,P28845
DB00966,P35503
DB00973,P35503
DB00973,P54855
DB00973,P16662
DB00974,Q15166
DB00977,P22310
DB00977,P35503
DB00977,P16662
DB00977,P0DMM9
DB00983,P22310
DB00983,Q9HAW9
DB00983,P16662
DB00983,P54855
DB00993,P08263
DB00993,P20839
DB00997,O75828
DB01006,P16662
DB01008,P08263
DB01015,P18440
DB01015,P11245
DB01024,P16662
DB01024,Q9HAW7
DB01024,P19224
DB01026,Q9HAW7
DB01026,P16662
DB01026,P78329
DB01029,P35503
DB01039,Q04828
DB01045,Q9HB55
DB01048,P28332
DB01050,P35503
DB01050,P06133
DB01050,P16662
DB01058,Q9HB55
DB01068,P11245
DB01076,P35503
DB01095,P35503
DB01095,P16662
DB01104,Q14097
DB01118,P51589
DB01136,P06133
DB01136,P16662
DB01149,Q14097
DB01174,P13584
DB01174,P16662
DB01217,P22310
DB01217,P35503
DB01217,P16662
DB01234,P28845
DB01234,Q9HB55
DB01241,P16662
DB01241,P35503
DB01241,P06133
DB01241,O75795
DB01252,P35503
DB01252,P16662
DB01254,P31513
DB01262,P15531
DB01320,P19224
DB01544,P16662
DB01544,P35503
DB01609,P35503
DB04855,P51589
DB04871,Q01740
DB04953,P35503
DB04953,P22310
DB04953,P11245
DB05015,P22310
DB05294,Q01740
DB05294,P31513
DB06153,P36537
DB06204,P16662
DB06207,P16662
DB06209,O00748
DB06210,P35503
DB06216,P22310
DB06228,P51589
DB06292,P06133
DB06292,P16662
DB06401,P22310
DB06401,Q9HAW9
DB06401,Q9HAW8
DB06403,P16662
DB06403,P35503
DB06410,Q02318
DB06412,Q9HB55
DB06595,Q9HB55
DB06605,P51589
DB06695,O00748
DB06695,P16662
DB06695,P54855
DB06737,P16662
DB06777,Q02318
DB06777,P16662
DB08826,P19224
DB08860,P16662
DB08860,P35503
DB08868,P78329
DB08907,P06133
DB08918,P51589
DB08930,P35503
DB08931,P51589
DB08934,Q6LAP9
DB08934,P15531
DB09030,P51589
DB09038,P16662
DB09038,P35503
DB09038,Q9HAW9
DB09048,Q9HB55
DB09054,Q9HB55
DB09054,P22310
DB09065,Q9HB55
DB09079,Q9HAW7
DB09079,Q9HAW9
DB09079,Q9HAW8
DB09101,P22310
DB09102,Q9HB55
DB09183,P22310
DB09212,P16662
DB09241,P22310
DB09262,P22310
DB09274,P16662
DB09288,P19224
DB09288,P54855
DB09288,Q9HAW8
DB09288,P0DMM9
DB09288,P11245
DB11574,Q9HB55
DB11633,Q9HAW9
DB11691,P35503
DB11828,P31513
DB11943,P35503
DB11943,P54855
DB12070,P35503
DB12070,Q9HB55
DB12161,O75828
DB12278,Q01740
DB12278,P31513
DB12332,Q9HB55
DB13179,Q9HB55
DB13783,P16662
DB13874,P35503
DB13874,P22310
DB13874,P16662
DB13874,P54855
DB00014,P30968
DB00035,P30518
DB00035,P37288
DB00035,P47901
DB00120,P17735
DB00120,P07101
DB00122,P36544
DB00126,Q9GZT9
DB00136,P11473
DB00142,Q16099
DB00142,Q16478
DB00142,O15399
DB00142,P17735
DB00142,P24298
DB00142,P38435
DB00142,P80404
DB00142,Q12879
DB00142,Q13224
DB00142,Q14957
DB00142,Q8TCU5
DB00142,Q8TD30
DB00142,P42261
DB00142,P42262
DB00142,P42263
DB00142,P48058
DB00142,Q13002
DB00142,Q13003
DB00146,P11473
DB00153,P11473
DB00162,O94788
DB00163,O75469
DB00169,P11473
DB00170,P38435
DB00170,P02818
DB00175,Q92769
DB00176,Q12809
DB00177,P30556
DB00178,P12821
DB00178,P46663
DB00180,P04150
DB00181,Q9UBS5
DB00182,Q96RJ0
DB00182,P14416
DB00184,P43681
DB00184,P36544
DB00184,P17787
DB00184,Q15822
DB00184,P32297
DB00184,P30532
DB00184,Q15825
DB00184,Q9UGM1
DB00184,Q05901
DB00184,P30926
DB00185,P20309
DB00188,P28074
DB00188,P20618
DB00193,P35372
DB00193,P28335
DB00193,P41145
DB00193,P41143
DB00193,Q693P7
DB00193,P20309
DB00193,P25103
DB00193,Q8NER1
DB00193,P30542
DB00195,P07550
DB00196,P10613
DB00199,Q12809
DB00201,P30542
DB00201,Q07343
DB00201,P29274
DB00201,O00329
DB00201,P42336
DB00201,P29275
DB00201,P0DMS8
DB00202,Q693P7
DB00202,P08172
DB00202,P20309
DB00203,P18545
DB00203,Q13956
DB00204,Q12809
DB00204,O95069
DB00205,P13922
DB00206,P54219
DB00207,Q9UM07
DB00208,Q9H244
DB00209,P20309
DB00211,P35368
DB00211,P25100
DB00212,P00797
DB00213,O94760
DB00215,P35367
DB00216,P28221
DB00216,P28222
DB00216,P30939
DB00218,P43702
DB00218,P43700
DB00221,P07550
DB00223,P04150
DB00224,Q72874
DB00227,P20701
DB00227,Q92769
DB00229,Q8XJ01
DB00230,P54289
DB00232,P00915
DB00232,P22748
DB00233,O15111
DB00233,Q9NZK7
DB00235,Q14432
DB00237,P42261
DB00237,P42262
DB00237,P42263
DB00237,P48058
DB00237,Q13002
DB00237,Q13003
DB00237,Q16099
DB00237,Q16478
DB00238,Q72547
DB00240,P04150
DB00241,P47869
DB00241,P34903
DB00241,P48169
DB00241,P31644
DB00241,Q16445
DB00241,P43681
DB00241,P36544
DB00241,P42262
DB00241,Q13002
DB00242,P23921
DB00242,P31350
DB00242,P09884
DB00242,P00491
DB00244,P37231
DB00244,O15111
DB00244,O14920
DB00245,P35367
DB00246,P14416
DB00246,P21918
DB00246,P35462
DB00246,P21917
DB00246,P28222
DB00246,P28221
DB00246,P28566
DB00246,P28335
DB00246,P50406
DB00246,P34969
DB00246,P35367
DB00246,P35368
DB00246,P18089
DB00246,P18825
DB00246,P08172
DB00246,P20309
DB00246,P08173
DB00246,P08912
DB00246,P47898
DB00247,P41595
DB00247,P28335
DB00247,P34969
DB00247,P28222
DB00247,P30939
DB00247,P28566
DB00248,P14416
DB00248,P41595
DB00248,P35462
DB00248,P18089
DB00248,P28221
DB00248,P21917
DB00248,P18825
DB00248,P21918
DB00248,P28222
DB00248,P28335
DB00248,P34969
DB00248,P35368
DB00248,P25100
DB00248,P07550
DB00252,O75469
DB00252,Q07699
DB00252,Q12809
DB00253,P04150
DB00255,P03372
DB00255,P62508
DB00255,Q92731
DB00255,O75469
DB00255,P10275
DB00256,P0A7V8
DB00257,P10613
DB00257,O15554
DB00257,O75469
DB00257,Q8TDS4
DB00261,Q14432
DB00263,P0AC13
DB00264,P07550
DB00267,Q8XJ01
DB00267,P0AD68
DB00268,P35462
DB00268,P21917
DB00268,P14416
DB00270,P54289
DB00270,Q08289
DB00270,Q9NY47
DB00273,P22748
DB00273,P00915
DB00273,P07451
DB00274,C1KC03
DB00274,P02918
DB00274,P02919
DB00274,P0AD68
DB00274,P08506
DB00275,P30556
DB00276,Q12809
DB00277,P30542
DB00277,P29274
DB00277,P29275
DB00277,Q07343
DB00277,Q14432
DB00277,Q92769
DB00277,P09874
DB00279,P10828
DB00279,P12004
DB00280,P08172
DB00280,P20309
DB00280,Q9NZV8
DB00280,Q9UK17
DB00280,Q12809
DB00280,P19652
DB00281,P00533
DB00281,P19652
DB00282,P14324
DB00282,O95749
DB00282,P42574
DB00283,P35367
DB00287,P43088
DB00288,P04150
DB00288,P04083
DB00289,P48549
DB00289,P41145
DB00292,P18089
DB00294,P06401
DB00295,P35372
DB00295,P41145
DB00295,P41143
DB00297,P34995
DB00300,Q72547
DB00300,P24024
DB00301,Q8XJ01
DB00302,P00747
DB00303,P44469
DB00303,P0AD65
DB00303,P0AD68
DB00303,P24228
DB00303,P02918
DB00303,P02919
DB00303,P08506
DB00304,P06401
DB00304,P03372
DB00307,P19793
DB00307,P28702
DB00307,P48443
DB00308,Q02641
DB00308,Q12809
DB00308,P54289
DB00308,O00180
DB00308,Q9Y257
DB00308,Q9H252
DB00308,Q9NS40
DB00309,Q9H4B7
DB00310,P00915
DB00312,P47869
DB00312,P34903
DB00312,P48169
DB00312,P31644
DB00312,Q16445
DB00312,P43681
DB00312,P36544
DB00312,P42262
DB00312,Q13002
DB00312,O75469
DB00313,Q92769
DB00313,Q07869
DB00313,Q03181
DB00313,P37231
DB00314,P9WJ63
DB00315,P28222
DB00315,P28221
DB00315,P30939
DB00315,P28566
DB00315,P34969
DB00315,P41595
DB00316,Q8NER1
DB00317,P00533
DB00318,P35372
DB00318,P41145
DB00318,P41143
DB00319,Q75Y35
DB00319,P0A3M6
DB00319,Q8DNB6
DB00319,Q7CRA4
DB00320,P28221
DB00320,P28222
DB00320,P41595
DB00321,P41143
DB00321,P41145
DB00321,P04629
DB00321,P25100
DB00321,P35367
DB00321,P25021
DB00321,Q9H3N8
DB00321,Q99720
DB00321,P28335
DB00321,P35368
DB00321,P34969
DB00321,P28221
DB00321,P35372
DB00321,P28222
DB00321,P50406
DB00321,P08909
DB00321,Q12809
DB00324,P04150
DB00325,P16066
DB00327,P35372
DB00327,P41143
DB00327,P41145
DB00328,P37231
DB00328,Q9Y5Y4
DB00328,Q07869
DB00332,P08172
DB00332,P20309
DB00333,P35372
DB00333,P41143
DB00333,P36544
DB00333,P32297
DB00333,P43681
DB00333,P17787
DB00334,P14416
DB00334,P21918
DB00334,P35462
DB00334,P21917
DB00334,P28335
DB00334,P50406
DB00334,P35367
DB00334,P35368
DB00334,P08172
DB00334,P20309
DB00334,P08173
DB00335,P07550
DB00337,P62942
DB00338,P35869
DB00341,P35367
DB00346,P35368
DB00346,P25100
DB00346,Q12809
DB00350,P00797
DB00351,P06401
DB00351,P04150
DB00353,P41595
DB00354,P35367
DB00355,P42971
DB00358,P29274
DB00359,Q27738
DB00360,P07101
DB00361,P07437
DB00363,P14416
DB00363,P35462
DB00363,P21917
DB00363,P28222
DB00363,P28221
DB00363,P28566
DB00363,P28335
DB00363,P50406
DB00363,P34969
DB00363,P35367
DB00363,Q9H3N8
DB00363,P35368
DB00363,P18089
DB00363,P18825
DB00363,P08172
DB00363,P20309
DB00363,P08173
DB00363,P08912
DB00363,Q9NYX4
DB00364,P09038
DB00366,P35367
DB00366,Q14994
DB00367,P06401
DB00367,P03372
DB00367,P10275
DB00367,P04150
DB00368,P35368
DB00368,P25100
DB00368,P18089
DB00368,P18825
DB00368,P07550
DB00368,P13945
DB00368,P54219
DB00369,P08546
DB00370,P28335
DB00370,P41145
DB00370,P35367
DB00371,P47869
DB00371,P34903
DB00371,P48169
DB00371,P31644
DB00371,Q16445
DB00373,P07550
DB00374,P43119
DB00374,Q03181
DB00374,Q9H244
DB00376,P08172
DB00376,P20309
DB00376,P08173
DB00376,P08912
DB00378,P06401
DB00379,P35869
DB00380,Q02880
DB00381,Q02641
DB00381,Q8IZS8
DB00381,P00915
DB00381,P17405
DB00381,A0A024R8I1
DB00384,P51172
DB00387,P08172
DB00387,P08173
DB00387,P20309
DB00388,P35368
DB00388,P25100
DB00391,P14416
DB00391,P35462
DB00391,P07451
DB00392,Q8TCU5
DB00392,P08172
DB00393,Q02641
DB00393,Q08289
DB00393,P54284
DB00393,O00305
DB00393,P08235
DB00393,P35869
DB00394,P04150
DB00395,P47870
DB00395,P18507
DB00395,P31644
DB00395,P34903
DB00396,P06401
DB00396,P03372
DB00396,P08235
DB00396,P41145
DB00396,P04150
DB00396,P10275
DB00396,Q92731
DB00397,P07550
DB00398,P15056
DB00398,P04049
DB00398,P35916
DB00398,P35968
DB00398,P36888
DB00398,P09619
DB00398,P11362
DB00398,P07949
DB00398,P17948
DB00399,P14324
DB00399,O95749
DB00401,P54289
DB00401,Q08289
DB00402,P47869
DB00402,P34903
DB00402,P31644
DB00405,P35367
DB00408,P14416
DB00408,P28335
DB00408,P28222
DB00408,P28221
DB00408,P28566
DB00408,P47898
DB00408,P50406
DB00408,P34969
DB00408,P35368
DB00408,P18089
DB00408,P18825
DB00408,P08172
DB00408,P20309
DB00408,P08173
DB00408,P08912
DB00408,P35462
DB00408,P21917
DB00408,P21918
DB00408,P35367
DB00408,P25021
DB00408,Q9H3N8
DB00409,P14416
DB00409,P21917
DB00409,P35462
DB00409,Q99720
DB00411,P08172
DB00411,Q15822
DB00411,P20309
DB00411,P08173
DB00412,P37231
DB00412,Q07869
DB00412,Q03181
DB00412,P19793
DB00412,P28702
DB00412,P48443
DB00413,P35462
DB00413,P14416
DB00413,P21917
DB00415,Q8DNB6
DB00415,Q7CRA4
DB00415,Q75Y35
DB00415,Q8DR59
DB00415,P0A3M6
DB00415,Q02763
DB00417,Q8XJ01
DB00417,Q53707
DB00417,P24228
DB00418,P47869
DB00418,P34903
DB00418,P48169
DB00418,P31644
DB00418,Q16445
DB00418,P43681
DB00418,P36544
DB00418,P42262
DB00418,Q13002
DB00420,P14416
DB00420,P28335
DB00420,P35367
DB00421,P08235
DB00421,P10275
DB00421,P06401
DB00421,P04150
DB00421,O75469
DB00423,P00915
DB00424,P08172
DB00424,P20309
DB00424,P08173
DB00425,P47869
DB00425,P34903
DB00425,P18507
DB00426,P04293
DB00427,P35367
DB00430,P0AD68
DB00430,P02919
DB00430,Q07806
DB00430,Q9X6W0
DB00430,P08506
DB00430,P02918
DB00430,C1KC03
DB00433,P14416
DB00433,P35367
DB00434,P35367
DB00434,P28335
DB00434,P08172
DB00434,P20309
DB00434,P34969
DB00436,P55017
DB00436,P00915
DB00436,P22748
DB00438,P0AD68
DB00438,Q75Y35
DB00438,P02918
DB00438,Q8DR59
DB00438,P02919
DB00438,Q9X6W0
DB00438,Q9X6V3
DB00438,P0AD65
DB00441,P23921
DB00443,P04150
DB00448,P10636
DB00450,P14416
DB00451,P10828
DB00452,P0A7S3
DB00453,P0A7V8
DB00453,P0A7X3
DB00454,P41145
DB00454,Q13224
DB00454,Q12879
DB00454,Q14957
DB00454,O15399
DB00454,P35372
DB00455,P35367
DB00455,Q12809
DB00456,Q8DR59
DB00456,Q7CRA4
DB00456,Q75Y35
DB00456,Q8DNB6
DB00456,P0A3M6
DB00456,Q8XJ01
DB00456,P00811
DB00457,P35368
DB00457,P25100
DB00457,Q12809
DB00457,P18089
DB00458,P35367
DB00458,P25100
DB00458,P08172
DB00458,P20309
DB00458,P08173
DB00458,P08912
DB00458,Q9NZV8
DB00458,Q9UK17
DB00458,P28335
DB00458,P35368
DB00458,P34969
DB00458,P14416
DB00458,Q12809
DB00458,P50406
DB00458,O95259
DB00458,P19652
DB00459,P19793
DB00459,P10276
DB00459,P10826
DB00459,P13631
DB00459,P28702
DB00459,P48443
DB00462,P08172
DB00462,P20309
DB00467,P43700
DB00467,P43702
DB00468,O15554
DB00470,P21554
DB00470,P34972
DB00471,Q9Y271
DB00472,P28335
DB00472,Q15822
DB00472,P32297
DB00472,P30926
DB00472,Q12809
DB00477,P14416
DB00477,P35368
DB00477,P35367
DB00477,Q12809
DB00477,P35462
DB00477,P21917
DB00477,P21918
DB00477,P28335
DB00477,P20309
DB00477,P17405
DB00477,P0DP23
DB00477,P50406
DB00477,P34969
DB00477,Q9H3N8
DB00479,P0A7S3
DB00480,Q96SW2
DB00481,P03372
DB00481,Q92731
DB00482,P07451
DB00483,P08172
DB00483,Q15822
DB00483,P08912
DB00484,P18089
DB00484,P18825
DB00485,Q7CRA4
DB00485,Q8DNB6
DB00485,Q75Y35
DB00485,Q8DR59
DB00485,P0A3M6
DB00486,P34972
DB00486,P21554
DB00487,P43702
DB00487,P43700
DB00487,Q06AK7
DB00489,Q12809
DB00489,P07550
DB00490,P14416
DB00490,P35462
DB00490,P21917
DB00492,P12821
DB00493,Q7CRA4
DB00493,Q8DNB6
DB00493,P42971
DB00493,Q8DR59
DB00493,P0A3M6
DB00495,Q72547
DB00496,P20309
DB00496,P08172
DB00496,P08173
DB00496,P08912
DB00497,P35372
DB00497,P41145
DB00497,P41143
DB00499,P10275
DB00499,P35869
DB00499,O75469
DB00501,P25021
DB00502,P14416
DB00502,Q13224
DB00502,P35462
DB00502,P28335
DB00502,Q99720
DB00502,P35367
DB00502,P20309
DB00502,P18089
DB00502,P18825
DB00502,P50406
DB00502,P34969
DB00503,Q72874
DB00503,O75469
DB00504,P35372
DB00508,P14416
DB00508,P41595
DB00508,P08172
DB00513,P00747
DB00513,P00750
DB00514,Q99720
DB00514,Q5T1J1
DB00514,Q15822
DB00514,Q8TCU5
DB00514,P32297
DB00514,P43681
DB00514,P30926
DB00514,P17787
DB00514,P36544
DB00514,P35372
DB00514,P41143
DB00514,P41145
DB00517,P08172
DB00517,P20309
DB00518,Q71U36
DB00519,P12821
DB00521,P07550
DB00523,P10276
DB00523,P19793
DB00523,P10826
DB00523,P28702
DB00523,P13631
DB00523,P48443
DB00523,Q6V0L0
DB00524,P55017
DB00527,P0DP23
DB00529,P08546
DB00529,P04293
DB00530,P00533
DB00530,O75469
DB00531,O75469
DB00537,P43702
DB00537,P43700
DB00537,Q12809
DB00537,P0AES4
DB00539,P03372
DB00540,P35367
DB00540,P25100
DB00540,P28335
DB00540,P35368
DB00540,P14416
DB00540,P08909
DB00541,P07437
DB00541,P68366
DB00542,P12821
DB00543,P14416
DB00543,P28335
DB00543,P50406
DB00543,P34969
DB00543,P35462
DB00543,P21917
DB00543,P35367
DB00543,P41595
DB00543,P28222
DB00543,Q9H3N8
DB00547,P04150
DB00549,Q9Y271
DB00555,P30542
DB00555,P29274
DB00555,P14416
DB00555,P35367
DB00555,P41145
DB00555,P42261
DB00557,P35367
DB00557,Q12809
DB00559,P25101
DB00559,P24530
DB00560,P0A7X3
DB00560,P0A7S3
DB00560,P0AG59
DB00560,P0A7U3
DB00561,O14649
DB00561,Q9NPC2
DB00562,P55017
DB00562,P00915
DB00562,P22748
DB00562,Q16790
DB00562,O43570
DB00564,P43681
DB00564,O75469
DB00565,Q15822
DB00567,Q75Y35
DB00567,Q8DNB6
DB00567,Q7CRA4
DB00567,P0A3M6
DB00567,Q8DR59
DB00568,P35367
DB00568,P14416
DB00570,Q71U36
DB00570,P07437
DB00570,P05412
DB00571,P07550
DB00571,P13945
DB00571,P28222
DB00572,P08172
DB00572,P20309
DB00572,P08173
DB00572,P08912
DB00572,P43681
DB00572,P17787
DB00573,Q07869
DB00573,P37231
DB00575,P18089
DB00575,P18825
DB00575,P35368
DB00575,P25100
DB00576,P0AC13
DB00577,P04293
DB00582,P10613
DB00583,P23786
DB00583,P50416
DB00584,P12821
DB00585,P25021
DB00588,P04150
DB00588,P06401
DB00588,P08235
DB00589,P14416
DB00589,P35462
DB00589,P21917
DB00589,P21918
DB00589,P28221
DB00589,P41595
DB00589,P28335
DB00589,P28222
DB00589,P18089
DB00589,P18825
DB00589,P34969
DB00590,P25100
DB00590,Q12809
DB00590,P35368
DB00591,P04150
DB00591,P04083
DB00591,P12429
DB00592,P28472
DB00594,P51172
DB00595,P0A7X3
DB00595,P0A7V8
DB00596,P04150
DB00598,P07550
DB00599,P47869
DB00599,P34903
DB00599,P48169
DB00599,P31644
DB00599,Q16445
DB00599,P43681
DB00599,P36544
DB00599,P42262
DB00599,Q13002
DB00599,P20309
DB00602,O75311
DB00602,P28472
DB00603,P06401
DB00603,P03372
DB00604,Q13639
DB00604,Q12809
DB00605,P27361
DB00605,Q03181
DB00605,Q9Y5Y4
DB00606,P00915
DB00606,Q6FHJ7
DB00607,Q7CRA4
DB00607,P0A3M6
DB00607,Q8DNB6
DB00607,Q75Y35
DB00607,Q8DR59
DB00608,P01375
DB00608,Q9NR96
DB00608,Q9BYF1
DB00609,P9WGR1
DB00609,P9WIE5
DB00611,P41145
DB00611,P41143
DB00611,P35372
DB00612,P07550
DB00615,P0A8V2
DB00615,P07900
DB00618,P30518
DB00619,P11274
DB00619,P04629
DB00619,P07333
DB00619,P09619
DB00620,P04150
DB00621,P10275
DB00622,Q08289
DB00622,P54289
DB00622,P35368
DB00622,P25100
DB00622,P08172
DB00622,P20309
DB00622,P08173
DB00622,P08912
DB00622,P0DP23
DB00623,P14416
DB00623,P0DP23
DB00623,P10275
DB00623,P28335
DB00624,P10275
DB00624,P03372
DB00624,P08235
DB00625,Q72547
DB00627,Q8TDS4
DB00629,P18089
DB00630,P14324
DB00630,P23469
DB00630,P38606
DB00631,P09884
DB00631,P23921
DB00635,P04150
DB00636,Q07869
DB00637,P35367
DB00637,Q12809
DB00637,O95259
DB00637,P10636
DB00640,P29274
DB00640,P29275
DB00640,P0DMS8
DB00640,P30542
DB00641,P20701
DB00641,Q92769
DB00647,P35372
DB00647,P41143
DB00647,P41145
DB00648,P03372
DB00648,P06401
DB00648,P10275
DB00649,Q72547
DB00651,Q07343
DB00651,Q08493
DB00651,Q08499
DB00651,P30542
DB00651,P29274
DB00652,P35372
DB00652,P41145
DB00652,Q99720
DB00654,P43088
DB00655,P03372
DB00655,Q92731
DB00655,P10275
DB00656,P28335
DB00656,P35367
DB00656,P08909
DB00657,Q15822
DB00657,P36544
DB00657,P43681
DB00657,P17787
DB00661,Q12809
DB00661,P35368
DB00661,P25100
DB00663,P04150
DB00664,Q27738
DB00665,P10275
DB00666,P30968
DB00666,Q96P88
DB00668,P35368
DB00668,P07550
DB00668,P18089
DB00668,P25100
DB00668,P01375
DB00669,P28221
DB00669,P28222
DB00669,P30939
DB00671,P44469
DB00673,P25103
DB00674,P36544
DB00675,P03372
DB00675,Q92731
DB00675,P10275
DB00675,Q12809
DB00675,O75469
DB00675,P62508
DB00678,P30556
DB00679,P14416
DB00679,P35368
DB00679,Q12809
DB00682,O75469
DB00684,P0A7S3
DB00685,P43700
DB00685,P43702
DB00686,P09038
DB00686,P05230
DB00687,P08235
DB00687,P04150
DB00688,P20839
DB00689,P02919
DB00691,P12821
DB00692,P35368
DB00692,P25100
DB00694,Q02880
DB00695,Q9HC97
DB00696,P28221
DB00696,P28222
DB00696,P14416
DB00696,P35368
DB00696,P25100
DB00696,P30939
DB00696,P28335
DB00696,P41595
DB00696,P18825
DB00697,Q9Y2I1
DB00700,P08235
DB00701,Q72874
DB00703,P00915
DB00703,P22748
DB00703,P43166
DB00703,P07451
DB00704,P41143
DB00704,P35372
DB00704,P41145
DB00704,Q5T1J1
DB00705,Q72547
DB00706,P25100
DB00706,P35368
DB00708,P35372
DB00708,P41143
DB00708,P41145
DB00709,Q72547
DB00710,P14324
DB00710,O95749
DB00713,Q75Y35
DB00713,Q8DNB6
DB00713,Q8DR59
DB00713,P0A3M6
DB00713,Q7CRA4
DB00713,Q8XJ01
DB00714,P21917
DB00714,P14416
DB00714,P35462
DB00714,P21918
DB00714,P18825
DB00714,P18089
DB00714,P41595
DB00714,P28335
DB00714,P28221
DB00714,P28222
DB00715,P14416
DB00715,P35367
DB00715,P41595
DB00717,P06401
DB00717,P10275
DB00717,P04150
DB00718,P24024
DB00719,P35367
DB00720,P12235
DB00720,P05141
DB00720,P12236
DB00721,Q8TCU5
DB00721,Q15822
DB00721,Q9Y6K1
DB00722,P12821
DB00722,P00797
DB00723,P35368
DB00723,P25100
DB00726,P35368
DB00726,P14416
DB00726,P18089
DB00726,P35367
DB00726,P28335
DB00726,P28221
DB00726,P08909
DB00727,P16066
DB00728,Q15822
DB00728,P08172
DB00731,P37231
DB00732,Q15822
DB00734,P14416
DB00734,P35368
DB00734,P18089
DB00734,P18825
DB00734,P35367
DB00734,P28335
DB00734,P28221
DB00734,P34969
DB00736,O94760
DB00737,P35367
DB00737,Q14994
DB00738,O14717
DB00741,P04150
DB00741,P04083
DB00745,P35368
DB00747,P08172
DB00747,P20309
DB00747,P08173
DB00747,P08912
DB00747,P43681
DB00747,P17787
DB00748,P35367
DB00749,P19793
DB00751,P35367
DB00751,P25021
DB00751,P34969
DB00753,P42261
DB00753,P0DP23
DB00753,P43681
DB00753,P17787
DB00754,O75469
DB00755,P28702
DB00755,P48443
DB00755,P13631
DB00755,O94788
DB00755,P10276
DB00755,P10826
DB00755,P19793
DB00755,Q6V0L0
DB00755,O60760
DB00758,Q9H244
DB00759,P0AG59
DB00759,P0A7U3
DB00759,Q9UM07
DB00760,P24228
DB00762,Q969P6
DB00764,P04150
DB00764,P06401
DB00765,P07101
DB00769,P04150
DB00770,P43116
DB00770,P34995
DB00770,Q9Y5Y4
DB00773,Q02880
DB00774,P43166
DB00774,Q16790
DB00774,P00915
DB00774,P22748
DB00774,O43570
DB00778,P0A7J6
DB00780,Q16853
DB00780,P80404
DB00780,P24298
DB00780,Q8TD30
DB00783,P03372
DB00783,Q92731
DB00783,O75469
DB00783,P43681
DB00787,P03176
DB00787,P04293
DB00790,P12821
DB00790,Q6FHJ7
DB00792,P35367
DB00794,P47869
DB00794,P34903
DB00794,P48169
DB00794,P31644
DB00794,Q16445
DB00794,P43681
DB00794,P36544
DB00794,P42262
DB00794,Q13002
DB00795,P37231
DB00795,O15111
DB00795,O14920
DB00795,P24752
DB00795,P24557
DB00795,P04054
DB00796,P30556
DB00797,P35367
DB00797,P25021
DB00797,P18825
DB00797,P18089
DB00798,P0A7S3
DB00799,P10276
DB00799,P28702
DB00799,P13631
DB00799,P10826
DB00800,P21918
DB00800,P18089
DB00800,P18825
DB00800,P35368
DB00800,P25100
DB00802,P35372
DB00804,P08172
DB00805,P41595
DB00805,P28335
DB00805,P14416
DB00806,P30542
DB00806,P29274
DB00808,P55017
DB00809,P08173
DB00809,P08172
DB00809,P20309
DB00811,P20839
DB00812,Q16647
DB00813,P35372
DB00813,P41143
DB00813,P41145
DB00816,P07550
DB00817,P0AFI2
DB00818,P47870
DB00818,P28472
DB00819,P00915
DB00819,P22748
DB00819,O43570
DB00819,Q9ULX7
DB00819,P07451
DB00819,P43166
DB00819,P29972
DB00823,P06401
DB00823,P03372
DB00827,P43700
DB00831,P14416
DB00831,Q9NYX4
DB00831,P0DP23
DB00831,P63316
DB00833,Q75Y35
DB00833,Q8XJ01
DB00834,P06401
DB00834,P04150
DB00834,P07288
DB00834,O75469
DB00835,P35367
DB00835,P08172
DB00835,P20309
DB00835,P08173
DB00835,P08912
DB00836,P35372
DB00836,P41143
DB00836,P41145
DB00836,P0DP23
DB00836,Q14994
DB00837,Q9UBS5
DB00838,P04150
DB00841,P07550
DB00841,P03372
DB00843,P98066
DB00843,P01584
DB00844,P41145
DB00844,P35372
DB00844,P41143
DB00845,P37231
DB00845,P22001
DB00846,P04150
DB00849,P47869
DB00849,P34903
DB00849,P48169
DB00849,P31644
DB00849,Q16445
DB00849,P43681
DB00849,P36544
DB00849,P42262
DB00849,Q13002
DB00849,O75469
DB00850,P14416
DB00850,P0DP23
DB00852,P07550
DB00852,P01375
DB00852,P19838
DB00852,P60568
DB00854,P35372
DB00854,P41143
DB00854,P41145
DB00860,P04150
DB00862,P18545
DB00862,Q13956
DB00863,P25021
DB00864,P62942
DB00866,P07550
DB00866,P13945
DB00867,P07550
DB00869,P22748
DB00869,P00915
DB00869,P07451
DB00871,P07550
DB00871,P13945
DB00872,P37288
DB00872,P30518
DB00875,P14416
DB00876,P30556
DB00877,P62942
DB00877,P09038
DB00879,Q72547
DB00880,P55017
DB00880,P00915
DB00881,P12821
DB00882,P03372
DB00883,P16066
DB00884,P14324
DB00887,P13569
DB00890,P03372
DB00896,P04150
DB00898,Q8TCU5
DB00898,Q02641
DB00898,P47869
DB00898,P31644
DB00898,P48169
DB00898,P34903
DB00898,P42261
DB00898,Q15822
DB00898,Q16445
DB00898,P42262
DB00898,P48058
DB00898,P42263
DB00898,P43681
DB00898,P17787
DB00898,P48549
DB00898,P48051
DB00898,P19320
DB00898,P48544
DB00898,P36544
DB00898,Q9UGM1
DB00898,P18505
DB00898,P28472
DB00898,P47870
DB00898,P30926
DB00898,P32297
DB00898,P30532
DB00898,Q15825
DB00898,Q05901
DB00898,Q8N1C3
DB00898,Q99928
DB00898,P78334
DB00898,O00591
DB00898,O14764
DB00898,O95264
DB00898,Q92806
DB00899,P35372
DB00899,P41143
DB00899,P41145
DB00900,Q72547
DB00900,P00491
DB00904,Q13639
DB00904,P35372
DB00904,P28222
DB00905,P43088
DB00905,P34995
DB00905,P43115
DB00907,P08172
DB00907,Q99720
DB00908,O00180
DB00908,Q9Y257
DB00908,Q12809
DB00908,P35368
DB00908,P25100
DB00909,Q07699
DB00909,P00915
DB00909,P07451
DB00909,P22748
DB00909,P35218
DB00909,P43166
DB00909,Q16790
DB00909,O43570
DB00909,Q9ULX7
DB00910,P11473
DB00912,P37231
DB00914,Q13131
DB00914,Q15842
DB00915,Q8TCU5
DB00915,P36544
DB00915,P14416
DB00915,P43681
DB00915,P32297
DB00917,P43116
DB00917,P34995
DB00917,P43115
DB00917,P35408
DB00917,Q9Y5Y4
DB00918,P28222
DB00918,P28221
DB00919,P0A7S3
DB00920,P35367
DB00921,P35372
DB00921,P41145
DB00921,P41143
DB00922,P63316
DB00922,Q15842
DB00922,Q14432
DB00923,Q70KI2
DB00924,P41595
DB00924,P28335
DB00924,P50406
DB00924,P34969
DB00924,O00206
DB00925,P18825
DB00925,P18089
DB00925,P0DP23
DB00925,P07550
DB00925,P35368
DB00925,P25100
DB00927,P25021
DB00929,P43115
DB00929,P43116
DB00929,P35408
DB00929,P34995
DB00932,Q72874
DB00933,P14416
DB00934,P35367
DB00934,P08172
DB00934,P20309
DB00934,P08173
DB00934,P08912
DB00934,P28335
DB00934,P34969
DB00934,P14416
DB00935,P18825
DB00935,P18089
DB00935,P35368
DB00935,P25100
DB00936,Q04828
DB00938,P07550
DB00938,P13945
DB00940,P25021
DB00940,P08172
DB00940,P20309
DB00940,P08173
DB00940,P08912
DB00943,Q72547
DB00945,Q04828
DB00945,Q13131
DB00945,P25101
DB00945,P98066
DB00945,P29466
DB00945,P42574
DB00945,O14920
DB00945,P24385
DB00945,P12004
DB00947,P03372
DB00948,Q8XJ01
DB00948,Q75Y35
DB00948,P0AD65
DB00949,Q13224
DB00949,Q12879
DB00950,P35367
DB00951,P9WIE5
DB00951,P9WGR1
DB00952,P28221
DB00952,P28222
DB00952,P30939
DB00953,P28221
DB00953,P28222
DB00953,P30939
DB00955,P0A7S3
DB00956,P35372
DB00956,P41143
DB00956,Q99720
DB00957,P06401
DB00957,P10275
DB00957,P03372
DB00959,P04150
DB00959,P04083
DB00960,P07550
DB00960,P28222
DB00960,P13945
DB00964,P18089
DB00966,P30556
DB00966,P37231
DB00967,P35367
DB00972,P35367
DB00972,P25021
DB00972,P04054
DB00975,Q9Y233
DB00977,P03372
DB00977,O75469
DB00978,P43702
DB00978,P43700
DB00980,P48039
DB00980,P49286
DB00981,P43681
DB00981,P17787
DB00982,P10276
DB00982,P13631
DB00983,P07550
DB00983,P13945
DB00985,P35367
DB00986,P20309
DB00986,P08172
DB00987,P06746
DB00988,P14416
DB00988,P21918
DB00988,P35462
DB00988,P21917
DB00988,P34969
DB00988,O95264
DB00996,P54289
DB00996,Q9NY47
DB00996,A0A024R8I1
DB00996,P30542
DB00996,Q9NR82
DB00998,P28221
DB00998,P28222
DB00999,P55017
DB01000,Q8DR59
DB01000,Q75Y35
DB01000,C1KC03
DB01001,P07550
DB01001,P13945
DB01004,P04293
DB01004,P03176
DB01005,P23921
DB01007,P10613
DB01012,P41180
DB01013,P04150
DB01013,P04083
DB01013,P08235
DB01014,P37231
DB01015,P0AC13
DB01016,O60706
DB01016,P50416
DB01016,P13569
DB01017,P0A7X3
DB01017,P0A7V8
DB01017,P01584
DB01017,P14780
DB01017,P15692
DB01017,P29466
DB01017,P42574
DB01018,P18089
DB01019,P08172
DB01019,P20309
DB01019,P08173
DB01021,P55017
DB01021,P00915
DB01021,P22748
DB01022,P38435
DB01022,P02818
DB01023,P54289
DB01023,Q08289
DB01023,Q9NY47
DB01023,P0DP23
DB01023,P08235
DB01023,P63316
DB01024,P20839
DB01026,P50859
DB01026,P10275
DB01026,Q12809
DB01026,O75469
DB01026,Q14994
DB01028,P42261
DB01029,P30556
DB01029,P05412
DB01030,Q969P6
DB01033,P20839
DB01035,Q12809
DB01036,P20309
DB01036,P08172
DB01036,P08912
DB01036,P08173
DB01039,Q07869
DB01039,Q9NPA2
DB01039,O75469
DB01041,Q96SW2
DB01041,P01375
DB01041,P19838
DB01041,P21802
DB01043,Q693P7
DB01043,P14416
DB01045,P0A8V2
DB01045,O75469
DB01047,P04150
DB01047,Q99835
DB01048,Q72547
DB01050,P10415
DB01050,P37231
DB01050,P13569
DB01050,Q07869
DB01051,Q06AK7
DB01054,P54289
DB01054,Q08289
DB01054,Q9NY47
DB01059,P43702
DB01059,P43700
DB01061,Q8XJ01
DB01062,P20309
DB01062,P08172
DB01063,P14416
DB01063,P10275
DB01064,P07550
DB01064,P13945
DB01065,P48039
DB01065,P49286
DB01065,P03372
DB01065,P0DP23
DB01066,P0A3M6
DB01066,Q8XJ01
DB01067,P37231
DB01068,O75469
DB01069,P35367
DB01069,P14416
DB01069,P08172
DB01069,P20309
DB01069,P08173
DB01069,P08912
DB01069,P0DP23
DB01069,P25021
DB01070,P11473
DB01071,P35367
DB01072,Q72874
DB01073,P23921
DB01073,P09884
DB01074,P50416
DB01074,P23786
DB01074,Q12809
DB01075,P35367
DB01075,P08172
DB01076,P35869
DB01076,Q92769
DB01076,Q14994
DB01077,P38606
DB01077,P12235
DB01077,P05141
DB01077,P12236
DB01080,P80404
DB01081,P35372
DB01081,P41143
DB01082,P0A7S3
DB01082,Q9UM07
DB01084,P35367
DB01085,P20309
DB01085,P08172
DB01085,P08173
DB01088,P43119
DB01088,P34995
DB01088,Q07343
DB01088,Q08493
DB01088,Q08499
DB01088,P00750
DB01088,Q9Y5Y4
DB01090,P32297
DB01090,P30926
DB01094,P55157
DB01095,Q92769
DB01097,Q02127
DB01097,P35869
DB01097,Q14289
DB01098,P20701
DB01100,P14416
DB01100,P35462
DB01100,Q12809
DB01100,P0DP23
DB01102,P07550
DB01102,P13945
DB01106,P35367
DB01108,P03372
DB01108,Q92731
DB01110,P10613
DB01110,O75469
DB01112,Q8XJ01
DB01113,Q07343
DB01113,Q9Y233
DB01114,P35367
DB01115,O75469
DB01115,P0DP23
DB01115,Q08289
DB01115,Q9UK17
DB01117,Q02127
DB01118,Q12809
DB01118,P37231
DB01118,Q07869
DB01119,P00915
DB01120,P15692
DB01127,P10613
DB01127,O75469
DB01128,P10275
DB01130,P04150
DB01131,P13922
DB01132,P37231
DB01133,P23469
DB01135,Q15822
DB01135,P08172
DB01136,P07550
DB01136,P15692
DB01136,P16860
DB01136,Q12809
DB01136,P19320
DB01136,P25100
DB01136,P35368
DB01136,P18825
DB01136,P18089
DB01136,Q16665
DB01137,P43702
DB01137,P43700
DB01138,O75469
DB01139,Q8XJ01
DB01140,Q75Y35
DB01140,Q8DR59
DB01140,Q7CRA4
DB01140,P0A3M6
DB01142,P35367
DB01142,P25021
DB01142,P41595
DB01142,P28335
DB01142,P08172
DB01142,P20309
DB01142,P08173
DB01142,P08912
DB01142,P35368
DB01142,P25100
DB01142,P50406
DB01142,Q9H3N8
DB01142,Q12809
DB01144,P00915
DB01144,P22748
DB01144,P43166
DB01144,P07451
DB01147,Q8XJ01
DB01147,P00811
DB01147,Q8DNB6
DB01147,P0A3M5
DB01147,Q51504
DB01149,P28335
DB01149,P35368
DB01149,Q12809
DB01150,P14677
DB01150,P0A3M5
DB01151,P07550
DB01151,P17405
DB01151,P35367
DB01151,P08172
DB01151,P20309
DB01151,P08173
DB01151,P08912
DB01151,P28335
DB01151,P14416
DB01154,Q15842
DB01155,P43702
DB01155,P43700
DB01156,P32297
DB01159,O14649
DB01159,Q9NPC2
DB01159,Q8TCU5
DB01159,O60391
DB01159,Q12879
DB01159,P48051
DB01159,P48549
DB01159,O15554
DB01160,P43088
DB01160,P43119
DB01162,P35368
DB01162,P25100
DB01162,Q12809
DB01162,Q9H252
DB01162,Q9NS40
DB01164,Q99584
DB01165,P43702
DB01165,P43700
DB01166,Q14432
DB01167,P50859
DB01169,O14920
DB01169,P05412
DB01169,P24385
DB01169,P27361
DB01169,P31749
DB01172,P0A7S3
DB01173,O15399
DB01173,O60391
DB01173,Q8TCU5
DB01173,P35367
DB01174,P43681
DB01174,P36544
DB01174,P42262
DB01174,Q13002
DB01174,O75469
DB01175,P35367
DB01175,P28335
DB01175,P14416
DB01176,P35367
DB01178,P30536
DB01180,P12821
DB01181,O75469
DB01182,Q12809
DB01182,P07550
DB01183,P35372
DB01183,P41143
DB01183,P41145
DB01183,P03372
DB01183,O00206
DB01184,P14416
DB01184,P35462
DB01185,P10275
DB01185,P03372
DB01185,P04150
DB01186,P14416
DB01186,P35462
DB01186,P21917
DB01186,P41595
DB01186,P28221
DB01186,P21918
DB01186,P28222
DB01186,P28335
DB01186,P35368
DB01186,P25100
DB01189,P42261
DB01191,P28335
DB01192,P35372
DB01192,P41143
DB01193,P07550
DB01194,P00915
DB01194,P22748
DB01194,P35218
DB01194,P07451
DB01195,Q12809
DB01196,P03372
DB01196,Q92731
DB01197,P12821
DB01197,P14780
DB01197,P46663
DB01198,P47869
DB01198,P34903
DB01198,P31644
DB01198,P30536
DB01199,Q15822
DB01199,P36544
DB01200,P14416
DB01200,P35462
DB01200,P28221
DB01200,P18825
DB01200,P18089
DB01200,P41595
DB01200,P21917
DB01200,P28222
DB01200,P28335
DB01200,P21918
DB01200,P35368
DB01200,P25100
DB01200,P34969
DB01202,Q7L0J3
DB01203,P07550
DB01205,P18507
DB01205,P31644
DB01207,P21731
DB01207,P24557
DB01208,P43702
DB01208,P43700
DB01209,P35372
DB01209,P41145
DB01210,P07550
DB01211,P0A7J6
DB01211,Q12809
DB01212,P0A3M6
DB01214,P07550
DB01218,Q12809
DB01220,P0A8V2
DB01220,O75469
DB01221,Q8TCU5
DB01221,P25103
DB01221,P14416
DB01221,P41143
DB01221,P41145
DB01221,P35372
DB01221,Q693P7
DB01222,P04150
DB01222,P04083
DB01223,Q14432
DB01223,P30542
DB01223,P0DMS8
DB01223,Q92769
DB01224,P14416
DB01224,P28222
DB01224,P28221
DB01224,P28566
DB01224,P28335
DB01224,P50406
DB01224,P34969
DB01224,P21918
DB01224,P35462
DB01224,P21917
DB01224,P35367
DB01224,P18089
DB01224,P18825
DB01224,P08172
DB01224,P20309
DB01224,P08173
DB01224,P08912
DB01226,Q15822
DB01226,P08172
DB01226,P20309
DB01227,P35372
DB01227,P30926
DB01227,P32297
DB01229,Q9H4B7
DB01229,P10415
DB01229,P27816
DB01229,P10636
DB01229,O75469
DB01232,Q72874
DB01233,P14416
DB01233,Q13639
DB01234,P04150
DB01234,P04083
DB01234,O75469
DB01235,P21918
DB01235,P14416
DB01235,P35462
DB01235,P21917
DB01236,P42261
DB01238,P14416
DB01238,P35368
DB01238,P35462
DB01238,P28221
DB01238,P34969
DB01238,P18825
DB01238,P35367
DB01238,P28222
DB01238,P28335
DB01238,P50406
DB01238,P21917
DB01238,P18089
DB01238,P28566
DB01238,P21918
DB01238,P41595
DB01238,P47898
DB01238,P07550
DB01238,P25021
DB01238,Q9Y5N1
DB01238,Q9H3N8
DB01238,P08172
DB01238,P20309
DB01238,P08173
DB01238,P08912
DB01238,P41145
DB01238,P35372
DB01238,P41143
DB01239,P14416
DB01239,P35462
DB01239,P35367
DB01239,P08172
DB01239,P20309
DB01239,P08173
DB01239,P08912
DB01240,Q9H244
DB01240,P43119
DB01240,Q16647
DB01241,Q07869
DB01242,P41595
DB01242,P28335
DB01244,Q9NY47
DB01244,P51787
DB01244,P63316
DB01244,P0DP23
DB01244,Q12809
DB01245,Q15822
DB01245,P43681
DB01245,P17787
DB01246,P35367
DB01248,Q9H4B7
DB01248,P10415
DB01248,P27816
DB01248,P10636
DB01248,O75469
DB01251,Q15842
DB01252,P37231
DB01254,P12931
DB01254,P29317
DB01254,P06239
DB01254,P09619
DB01254,Q06187
DB01254,P11274
DB01254,P42685
DB01254,P07948
DB01255,Q96RJ0
DB01256,Q9A1X4
DB01259,P00533
DB01260,P04150
DB01262,Q9Y6K1
DB01263,P10613
DB01264,Q72874
DB01267,P14416
DB01267,P35367
DB01267,P35368
DB01267,P21917
DB01267,P28221
DB01267,P35462
DB01267,P28335
DB01267,P18089
DB01267,P18825
DB01267,P34969
DB01268,P09619
DB01268,P17948
DB01268,P35968
DB01268,P35916
DB01268,P36888
DB01268,P07333
DB01273,P43681
DB01273,P36544
DB01273,P32297
DB01273,Q15825
DB01273,P17787
DB01274,P07550
DB01275,Q16853
DB01275,Q16665
DB01280,P09884
DB01288,P07550
DB01288,P13945
DB01289,Q15842
DB01291,P07550
DB01295,P07550
DB01298,P0AC13
DB01299,Q27738
DB01299,P13922
DB01301,P0A7X3
DB01303,Q14432
DB01303,P29274
DB01303,P30542
DB01303,Q92769
DB01319,Q72874
DB01324,P55017
DB01325,P00915
DB01325,P55017
DB01326,Q70KI2
DB01327,P02918
DB01327,P02919
DB01327,P0AD65
DB01327,P0AD68
DB01327,P60568
DB01328,P02918
DB01328,P0AD68
DB01328,P02919
DB01328,P24228
DB01328,P0AD65
DB01329,P0AD68
DB01329,P02919
DB01329,P0AD65
DB01329,Q07806
DB01329,Q9X6W0
DB01329,P08506
DB01329,P02918
DB01329,P24228
DB01330,Q75Y35
DB01331,P08506
DB01331,P24228
DB01331,P02918
DB01331,P02919
DB01331,P0AD68
DB01331,Q75Y35
DB01331,Q7CRA4
DB01331,Q8DNB6
DB01331,Q8DR59
DB01331,P0A3M6
DB01332,P02918
DB01332,P02919
DB01332,P08506
DB01333,P02918
DB01336,Q15822
DB01336,P08172
DB01337,Q15822
DB01337,P08172
DB01337,P20309
DB01338,Q15822
DB01338,P08172
DB01338,P20309
DB01339,Q15822
DB01340,P12821
DB01348,P12821
DB01349,P30556
DB01351,P47869
DB01351,P34903
DB01351,P48169
DB01351,P31644
DB01351,Q16445
DB01351,P43681
DB01351,P36544
DB01351,P42262
DB01351,Q13002
DB01353,P47869
DB01353,P34903
DB01353,P48169
DB01353,P31644
DB01353,Q16445
DB01353,P43681
DB01353,P36544
DB01353,P42262
DB01353,Q13002
DB01355,P47869
DB01355,P34903
DB01355,P48169
DB01355,P31644
DB01355,Q16445
DB01355,P43681
DB01355,P36544
DB01355,P42262
DB01355,Q13002
DB01356,P42263
DB01357,P03372
DB01359,P07550
DB01359,P28222
DB01364,P07550
DB01366,P07550
DB01367,P10415
DB01369,P0A7J6
DB01370,P06870
DB01370,P05067
DB01380,P04150
DB01384,P04150
DB01392,P18089
DB01392,P18825
DB01392,P28222
DB01392,P28221
DB01392,P14416
DB01392,P35462
DB01392,P28335
DB01392,P41595
DB01393,Q07869
DB01393,Q03181
DB01393,P37231
DB01393,O75469
DB01393,P19793
DB01393,P28702
DB01393,P48443
DB01394,P07437
DB01395,P06401
DB01395,P08235
DB01395,P10275
DB01395,P04150
DB01403,P14416
DB01403,P21918
DB01403,P35462
DB01403,P21917
DB01403,P28335
DB01403,P35367
DB01403,P08172
DB01403,P20309
DB01403,P08173
DB01403,P08912
DB01403,P35368
DB01403,P25100
DB01403,P18089
DB01403,P18825
DB01406,P03372
DB01406,P10275
DB01406,P06401
DB01406,P30968
DB01406,Q96P88
DB01407,P07550
DB01407,P13945
DB01407,P01138
DB01407,P01375
DB01408,P07550
DB01409,P20309
DB01409,P08172
DB01409,P08173
DB01409,P08912
DB01410,P04150
DB01411,Q9Y271
DB01411,P01375
DB01411,P12724
DB01411,P19838
DB01412,P30542
DB01412,P29274
DB01412,Q07343
DB01413,P0AD65
DB01413,P0AD68
DB01413,Q51504
DB01413,Q9X6V3
DB01414,P02918
DB01414,P02919
DB01415,P0AD68
DB01415,P02918
DB01415,P02919
DB01415,P0AD65
DB01416,P0AD68
DB01420,P10275
DB01427,Q14432
DB01427,P01375
DB01429,P0DP23
DB01431,P06401
DB01431,P03372
DB01433,P35372
DB01436,P11473
DB01436,P19793
DB01440,P18505
DB01452,P35372
DB01452,P41145
DB01452,P41143
DB01466,P35372
DB01567,P47869
DB01567,P34903
DB01567,P31644
DB01567,Q8N1C3
DB01567,P18507
DB01567,Q99928
DB01567,P18505
DB01567,P47870
DB01567,P28472
DB01567,O14764
DB01567,P78334
DB01567,O00591
DB01576,Q96RJ0
DB01576,P35368
DB01577,P54219
DB01577,Q96RJ0
DB01577,P18089
DB01577,P18825
DB01579,P35368
DB01580,P07550
DB01580,P13945
DB01581,P0AC13
DB01582,P0AC13
DB01583,P10828
DB01586,Q96RI1
DB01591,P20309
DB01591,P08172
DB01591,P08173
DB01591,P08912
DB01592,P02786
DB01592,Q9GZT9
DB01592,Q9BY41
DB01592,P06746
DB01598,P0AD65
DB01598,P02919
DB01598,P02918
DB01598,P42971
DB01598,P72355
DB01601,Q72874
DB01603,Q53707
DB01603,Q8DNB6
DB01603,Q7CRA4
DB01603,P0A3M6
DB01603,Q75Y35
DB01603,Q8DR59
DB01604,Q8XJ01
DB01605,Q8XJ01
DB01607,C1KC03
DB01608,P35368
DB01608,P10275
DB01611,Q9NR96
DB01611,Q9BYF1
DB01612,P16066
DB01613,P16066
DB01614,P14416
DB01614,P35368
DB01615,P35367
DB01618,P14416
DB01619,P35367
DB01620,P35367
DB01620,Q14994
DB01620,Q9H3N8
DB01621,P14416
DB01622,P14416
DB01622,P35368
DB01623,P14416
DB01624,P21918
DB01624,P14416
DB01624,P35367
DB01627,P0A7J6
DB01656,Q08499
DB01656,Q07343
DB01656,Q08493
DB01708,Q92731
DB01708,P03372
DB01708,P10275
DB01708,Q07869
DB01708,Q99720
DB01708,O75469
DB01708,Q14994
DB02300,P11473
DB02546,Q92769
DB02546,Q9UBN7
DB02546,Q9BY41
DB02638,P30518
DB02638,P47901
DB02638,P37288
DB02659,P62508
DB02659,P04054
DB02659,P54965
DB02659,Q96RI1
DB02659,Q8TDU6
DB02701,P00338
DB02701,P09874
DB02709,P35869
DB02709,P05067
DB02709,P03372
DB02709,P48039
DB02709,P49286
DB02709,O75469
DB02709,Q14994
DB02709,Q07869
DB02709,P37231
DB02709,P31749
DB03128,P08172
DB03128,P20309
DB03128,P08173
DB03128,P36544
DB03585,Q9NZK7
DB03615,P0A7S3
DB03619,P54965
DB03619,Q96RI1
DB03619,Q8TDU6
DB03756,Q07869
DB03756,P37231
DB03756,P19793
DB03756,P28702
DB03756,P48443
DB04272,P12931
DB04272,P12724
DB04552,P04054
DB04552,P51800
DB04570,P42971
DB04570,P02918
DB04570,P02919
DB04570,P24228
DB04573,P03372
DB04573,Q92731
DB04574,P03372
DB04574,Q92731
DB04575,P03372
DB04576,P43700
DB04576,P43702
DB04743,Q9NZK7
DB04794,P10613
DB04839,P10275
DB04839,P07288
DB04841,P35367
DB04841,P0DP23
DB04842,P14416
DB04844,P14416
DB04846,P07550
DB04846,P13945
DB04846,P18089
DB04846,P18825
DB04855,P35368
DB04855,P25100
DB04855,P18089
DB04855,P18825
DB04855,Q12809
DB04855,Q02641
DB04855,Q08289
DB04855,P54284
DB04855,O00305
DB04855,O95069
DB04855,P48549
DB04855,P51787
DB04855,Q9UK17
DB04861,P07550
DB04861,P13945
DB04871,P28335
DB04894,P30874
DB04894,P35346
DB04894,P25103
DB04908,P21917
DB04918,P14677
DB04918,P0AD68
DB04930,P03372
DB04930,O75469
DB04938,P03372
DB04946,P14416
DB04946,P35462
DB04946,P21917
DB04946,P50406
DB04946,P34969
DB04946,P35367
DB04946,P18825
DB04948,P34969
DB04948,P28335
DB04948,P28221
DB04953,Q9NR82
DB05039,P07550
DB05239,Q02750
DB05260,P31350
DB05260,P02818
DB05260,P01584
DB05266,Q07343
DB05266,Q08493
DB05266,Q08499
DB05266,Q14432
DB05271,P35462
DB05271,P21917
DB05271,P21918
DB05271,P14416
DB05271,P18089
DB05294,P15692
DB05294,P00533
DB05294,Q02763
DB05294,P07949
DB05316,P14416
DB05351,O94760
DB05381,P35367
DB05381,P25021
DB05381,Q9Y5N1
DB05381,Q9H3N8
DB05521,B0B3C9
DB05541,Q7L0J3
DB05990,Q96RI1
DB06016,P35462
DB06016,P14416
DB06016,P41595
DB06016,P35367
DB06144,P14416
DB06144,P28335
DB06144,P50406
DB06144,Q12809
DB06144,P35368
DB06144,P25100
DB06145,Q9A1X4
DB06148,P28335
DB06148,P35367
DB06148,Q9H3N8
DB06148,P18825
DB06148,P41595
DB06148,P30939
DB06148,P18089
DB06148,P35462
DB06148,P41145
DB06148,P34969
DB06148,P14416
DB06148,P50406
DB06153,P08172
DB06153,P20309
DB06153,P41595
DB06153,P28335
DB06153,P28222
DB06153,P28221
DB06153,P35367
DB06153,P35368
DB06153,P25100
DB06153,P18089
DB06153,P18825
DB06155,P21554
DB06155,Q9Y2T6
DB06176,Q92769
DB06176,Q9UBN7
DB06204,P35372
DB06204,P41145
DB06204,P41143
DB06207,P35368
DB06207,P25100
DB06209,Q9H244
DB06211,P02918
DB06211,P02919
DB06211,P0AD65
DB06211,Q51504
DB06211,P72355
DB06212,P30518
DB06212,P37288
DB06216,P28222
DB06216,P41595
DB06216,P28335
DB06216,P47898
DB06216,P50406
DB06216,P34969
DB06216,P14416
DB06216,P35462
DB06216,P21917
DB06216,P18089
DB06216,P18825
DB06216,P35367
DB06216,P25021
DB06216,P07550
DB06217,P22460
DB06217,Q9UK17
DB06217,Q12809
DB06262,P35368
DB06262,P25100
DB06262,P18089
DB06262,P18825
DB06262,P07550
DB06262,P13945
DB06268,P25101
DB06268,P24530
DB06274,P35372
DB06274,P41145
DB06274,P41143
DB06282,P35367
DB06288,P14416
DB06288,P35462
DB06288,P34969
DB06290,Q91RS4
DB06401,P03372
DB06401,Q92731
DB06403,P25101
DB06403,P24530
DB06410,P11473
DB06412,P10275
DB06412,P16860
DB06441,Q9H244
DB06480,Q13639
DB06589,P17948
DB06589,P35968
DB06589,P35916
DB06589,P09619
DB06589,P22607
DB06589,P05230
DB06594,P28335
DB06594,P48039
DB06594,P49286
DB06595,P35968
DB06595,P09619
DB06595,P36888
DB06616,P11274
DB06616,P07948
DB06616,P12931
DB06616,Q02750
DB06616,P36507
DB06626,P17948
DB06626,P35968
DB06626,P35916
DB06637,P22001
DB06637,P22460
DB06637,Q9NZV8
DB06637,Q9UK17
DB06663,P30872
DB06663,P30874
DB06663,P32745
DB06663,P35346
DB06691,P35367
DB06694,P18089
DB06694,P35368
DB06694,P25100
DB06694,P18825
DB06696,P0A7S3
DB06698,P35367
DB06698,Q9Y5N1
DB06699,P30968
DB06702,P20309
DB06702,P08173
DB06702,P08172
DB06702,P08912
DB06709,P20309
DB06710,P10275
DB06710,P03372
DB06712,P54289
DB06712,Q08289
DB06712,Q8IZS8
DB06713,P06401
DB06713,P10275
DB06716,P47870
DB06716,P28472
DB06718,P10275
DB06729,P0AC13
DB06730,P06401
DB06738,P35372
DB06738,P41145
DB06738,P41143
DB06739,P21731
DB06772,P68366
DB06772,Q9H4B7
DB06774,Q8NER1
DB06777,Q96RI1
DB06777,O75469
DB06777,Q8TDU6
DB06781,P04150
DB06782,P05067
DB06786,Q99835
DB06788,P30968
DB06789,P06401
DB06791,P30874
DB06791,P35346
DB06800,P35372
DB06800,P41145
DB06817,Q7ZJM1
DB06825,P30968
DB06827,P9WJ63
DB07615,O60760
DB08795,Q8DNB6
DB08795,Q7CRA4
DB08795,Q75Y35
DB08795,Q8DR59
DB08795,P0A3M6
DB08798,Q27738
DB08799,P35367
DB08800,P35367
DB08801,P35367
DB08801,P08172
DB08802,P35367
DB08804,P10275
DB08806,P25021
DB08807,P07550
DB08807,P28222
DB08807,P13945
DB08808,P07550
DB08808,P13945
DB08811,Q9Y233
DB08811,Q14432
DB08814,P19838
DB08814,Q9Y233
DB08815,P14416
DB08815,P34969
DB08815,P18825
DB08816,Q9H244
DB08819,P43088
DB08820,P13569
DB08822,P30556
DB08827,P55157
DB08828,Q99835
DB08860,P20701
DB08864,Q72547
DB08864,O75469
DB08865,Q9UM73
DB08865,P08581
DB08867,P06401
DB08867,P04150
DB08867,P10275
DB08871,P10415
DB08871,Q9H4B7
DB08872,P54289
DB08872,Q9NY47
DB08873,B0B3C9
DB08875,P08581
DB08875,P35968
DB08875,P07949
DB08877,P23458
DB08877,O60674
DB08880,Q02127
DB08881,P15056
DB08883,P42261
DB08889,P28074
DB08889,P20618
DB08893,P13945
DB08895,P23458
DB08895,O60674
DB08895,P52333
DB08896,P17948
DB08896,P35968
DB08896,P35916
DB08896,P09619
DB08896,P11362
DB08896,P21802
DB08896,Q02763
DB08896,P04629
DB08896,P29317
DB08896,P04049
DB08896,P15056
DB08896,P42685
DB08896,P07949
DB08897,P08172
DB08897,P20309
DB08897,P08173
DB08897,P08912
DB08899,P10275
DB08901,P11274
DB08901,P07949
DB08901,Q02763
DB08901,P36888
DB08901,P11362
DB08901,P21802
DB08901,P22607
DB08901,P22455
DB08901,P06239
DB08901,P12931
DB08901,P07948
DB08901,P35968
DB08906,P04150
DB08906,P06401
DB08906,P08235
DB08910,Q96SW2
DB08910,P01375
DB08911,Q02750
DB08911,P36507
DB08912,P15056
DB08912,P04049
DB08916,P00533
DB08916,Q15303
DB08922,P14416
DB08922,P35367
DB08922,P21917
DB08930,Q7ZJM1
DB08932,P25101
DB08932,P24530
DB08933,P10613
DB08954,Q13224
DB08954,P48549
DB08954,P48051
DB08954,P48544
DB09014,P28335
DB09014,Q99720
DB09014,P35462
DB09018,P14416
DB09026,P00797
DB09027,Q5L478
DB09048,P25103
DB09049,P35372
DB09053,Q06187
DB09054,O00329
DB09061,P21554
DB09061,P34972
DB09061,O75311
DB09061,Q9Y2T6
DB09061,P36544
DB09061,P41143
DB09061,P35372
DB09061,P37231
DB09061,Q8NER1
DB09061,P30542
DB09061,P24752
DB09063,Q9UM73
DB09068,P34969
DB09068,P28222
DB09070,P03372
DB09071,P48039
DB09071,P49286
DB09073,P11802
DB09073,Q00534
DB09074,P09874
DB09074,Q9UGN5
DB09074,Q9Y6F1
DB09076,P08172
DB09076,P20309
DB09076,P08173
DB09076,P08912
DB09078,P17948
DB09078,P35968
DB09078,P35916
DB09078,P11362
DB09078,P21802
DB09078,P22607
DB09078,P22455
DB09078,P07949
DB09079,P17948
DB09079,P35968
DB09079,P35916
DB09079,P09619
DB09079,P11362
DB09079,P21802
DB09079,P22607
DB09079,P36888
DB09079,P06239
DB09079,P07948
DB09079,P12931
DB09080,P07550
DB09082,P07550
DB09091,P04150
DB09091,Q92769
DB09095,P12429
DB09095,P04150
DB09097,P14416
DB09099,P30872
DB09099,P30874
DB09099,P32745
DB09099,P35346
DB09101,Q7ZJM1
DB09102,Q5L478
DB09118,P00338
DB09123,P06401
DB09123,P10275
DB09124,P06401
DB09128,P14416
DB09128,P18825
DB09128,P35368
DB09143,Q99835
DB09166,P25105
DB09167,P35367
DB09167,P08172
DB09167,P20309
DB09167,P08173
DB09167,P08912
DB09198,P37231
DB09204,P07550
DB09209,P35372
DB09209,P41145
DB09209,P41143
DB09211,P34995
DB09211,P43116
DB09211,P43115
DB09211,P35408
DB09220,O60706
DB09221,P01375
DB09221,P17948
DB09221,P01138
DB09221,P09619
DB09221,P07900
DB09223,P14416
DB09223,P35462
DB09224,P14416
DB09225,P14416
DB09225,P50406
DB09225,P34969
DB09230,Q02641
DB09242,Q9Y2I1
DB09262,P08172
DB09262,P20309
DB09272,P35372
DB09272,P41143
DB09272,P41145
DB09273,P29274
DB09273,P07550
DB09279,P30556
DB09280,P13569
DB09283,P09619
DB09285,P21731
DB09286,P14416
DB09286,P21917
DB09286,P35462
DB09286,P41595
DB09288,Q8NER1
DB09288,P21554
DB09289,P42261
DB09289,P35372
DB09289,P35462
DB09291,P25103
DB09295,P51800
DB09296,Q5L478
DB09297,B0B3C9
DB09300,P20309
DB09300,P08172
DB09330,P00533
DB09338,P29972
DB09389,P06401
DB09389,P10275
DB09462,Q03181
DB09462,Q9NZK7
DB09462,O14717
DB09477,P12821
DB09477,P46663
DB09488,P35367
DB09555,P35367
DB11093,P41180
DB11093,Q99828
DB11093,O75340
DB11093,P30626
DB11093,Q99653
DB11093,P09486
DB11093,P27824
DB11093,P04271
DB11093,O14958
DB11093,Q15493
DB11093,Q9UBV8
DB11093,P06703
DB11093,P13693
DB11093,O75838
DB11093,Q99584
DB11093,P31415
DB11093,Q02818
DB11093,P80303
DB11093,P0DP23
DB11093,P28676
DB11093,Q9ULU8
DB11093,P0DP24
DB11093,P0DP25
DB11093,Q96FQ6
DB11093,P22676
DB11093,Q13938
DB11093,Q86UW7
DB11093,Q96L12
DB11093,Q9ULB1
DB11093,P62166
DB11156,Q9HC97
DB11235,P35367
DB11235,P08172
DB11235,P20309
DB11235,P08173
DB11235,P08912
DB11348,P41180
DB11348,Q99828
DB11348,O75340
DB11348,P30626
DB11348,Q99653
DB11348,P09486
DB11348,P27824
DB11348,P04271
DB11348,O14958
DB11348,Q15493
DB11348,Q9UBV8
DB11348,P06703
DB11348,P13693
DB11348,O75838
DB11348,Q99584
DB11348,P31415
DB11348,Q02818
DB11348,P80303
DB11348,P0DP23
DB11348,P28676
DB11348,Q9ULU8
DB11348,P0DP24
DB11348,P0DP25
DB11348,Q96FQ6
DB11348,P22676
DB11348,Q13938
DB11348,Q86UW7
DB11348,Q96L12
DB11348,Q9ULB1
DB11348,P62166
DB11362,P43119
DB11363,Q9UM73
DB11574,Q5L478
DB11575,B0B3C9
DB11581,P10415
DB11613,Q5L478
DB11614,P25105
DB11614,P35367
DB11619,P06401
DB11619,P04150
DB11619,P10275
DB11619,P30968
DB11619,P03372
DB11633,P50859
DB11633,Q12809
DB11633,P48051
DB11633,Q92806
DB11633,P22460
DB11633,Q9UK17
DB11633,P51787
DB11641,P07437
DB11660,P43088
DB11691,P35372
DB11691,P41143
DB11691,P41145
DB11730,P11802
DB11730,Q00534
DB11737,P00533
DB11817,P23458
DB11817,O60674
DB11817,Q14289
DB11817,P52333
DB11828,P00533
DB11921,P04150
DB11943,P0AFI2
DB11943,P0AES4
DB12001,P11802
DB12001,Q00534
DB12026,B0B3C9
DB12267,Q9UM73
DB12267,P00533
DB12267,P36888
DB12267,P08581
DB12267,Q15303
DB12278,P08172
DB12278,P20309
DB12278,P08173
DB12278,P08912
DB12332,P09874
DB12332,Q9UGN5
DB12332,Q9Y6F1
DB12483,P42336
DB12483,O00329
DB12598,P06870
DB13025,P14416
DB13025,P35462
DB13139,P07550
DB13158,P04150
DB13179,O75469
DB13873,Q07869
DB13873,Q9NPA2
DB13873,P37231
DB13873,Q03181
DB13873,O75469
DB13878,Q5L478
DB13879,Q91RS4
DB00091,Q14973
DB00091,Q5T3U5
DB00120,Q8TF71
DB00122,O75751
DB00142,Q8TF71
DB00150,Q8TF71
DB00158,Q96J66
DB00158,O15438
DB00158,Q96NT5
DB00175,P46721
DB00182,O75751
DB00184,O75751
DB00199,P46721
DB00203,Q5T3U5
DB00205,Q86VL8
DB00220,P46721
DB00224,P46721
DB00227,P46721
DB00230,Q01650
DB00242,Q9HAS3
DB00243,Q86VL8
DB00252,Q9NYB5
DB00253,P46721
DB00273,Q13131
DB00279,P46721
DB00279,Q6ZQN7
DB00279,Q14973
DB00279,Q9NYB5
DB00279,Q96BD0
DB00279,Q8TF71
DB00279,Q01650
DB00291,P46721
DB00300,Q5T3U5
DB00328,O15438
DB00328,P46721
DB00328,Q96J66
DB00328,Q14973
DB00331,O75751
DB00331,Q86VL8
DB00338,O15438
DB00345,Q9UIG8
DB00345,P46721
DB00368,O75751
DB00368,Q01860
DB00390,Q6ZQN7
DB00390,P46721
DB00390,Q86UW1
DB00390,Q86UW2
DB00396,O75751
DB00396,Q14973
DB00398,Q15311
DB00413,O75751
DB00421,P46721
DB00432,O00337
DB00440,Q86VL8
DB00441,Q5T3U5
DB00441,O00337
DB00441,Q9HAS3
DB00448,O75751
DB00451,Q9NYB5
DB00451,P46721
DB00451,Q96BD0
DB00451,Q01650
DB00457,O75751
DB00458,O75751
DB00468,P46721
DB00481,O15438
DB00495,O00337
DB00501,O75751
DB00501,Q86VL8
DB00503,P46721
DB00537,Q86VL8
DB00541,O15438
DB00541,O75751
DB00541,Q5T3U5
DB00541,Q15311
DB00544,O15438
DB00563,O15438
DB00563,Q5T3U5
DB00563,P46721
DB00563,Q96J66
DB00563,Q9NYB5
DB00563,Q9UIG8
DB00563,Q96NT5
DB00563,Q6ZQN7
DB00564,Q15311
DB00575,O75751
DB00583,Q86VW1
DB00584,P46721
DB00586,Q9NYB5
DB00624,Q14973
DB00627,Q8N695
DB00635,P46721
DB00640,Q9HAS3
DB00641,P46721
DB00649,O00337
DB00654,Q92959
DB00655,P46721
DB00661,O15438
DB00661,P46721
DB00661,Q5T3U5
DB00661,Q86VL8
DB00669,P46721
DB00678,Q9NRM0
DB00694,Q5T3U5
DB00695,Q92959
DB00709,O75751
DB00709,O15438
DB00718,O75751
DB00728,P46721
DB00741,P46721
DB00762,O75751
DB00770,Q9UIG8
DB00770,Q92959
DB00773,O15438
DB00773,Q5T3U5
DB00783,O75751
DB00783,Q5T3U5
DB00783,Q9NYB5
DB00787,Q86VL8
DB00788,P46721
DB00795,Q96NT5
DB00811,Q9HAS3
DB00860,P46721
DB00887,Q14973
DB00887,P46721
DB00908,P46721
DB00917,P46721
DB00917,Q86UW1
DB00917,Q86UW2
DB00917,Q92959
DB00917,Q96BD0
DB00917,Q9NYB5
DB00917,Q9UIG8
DB00925,O75751
DB00936,Q63ZE4
DB00938,O75751
DB00939,Q9NYB5
DB00950,P46721
DB00950,O15438
DB00973,O15438
DB00977,Q14973
DB00977,P46721
DB00983,O75751
DB00987,Q5T3U5
DB00988,O75751
DB00988,Q01860
DB00993,Q9HAS3
DB00996,Q01650
DB00997,O15438
DB00997,Q86VW1
DB00997,Q5T3U5
DB00997,Q15311
DB01004,Q86VL8
DB01009,P46721
DB01011,O15438
DB01016,O15438
DB01016,P46721
DB01030,Q86VL8
DB01032,O15438
DB01032,P46721
DB01032,Q14973
DB01032,Q63ZE4
DB01032,Q96J66
DB01032,Q9NYB5
DB01032,Q9NRM0
DB01033,Q9HAS3
DB01035,O75751
DB01035,Q86VL8
DB01042,O75751
DB01042,Q01650
DB01045,O15438
DB01045,P46721
DB01050,P46721
DB01053,Q96BD0
DB01053,Q9UIG8
DB01069,O15438
DB01073,Q9HAS3
DB01076,P46721
DB01088,Q92959
DB01088,Q9UIG8
DB01092,P46721
DB01092,Q6ZQN7
DB01092,Q9NYB5
DB01098,P46721
DB01098,Q14973
DB01115,O15438
DB01124,P46721
DB01137,Q86VL8
DB01137,P46721
DB01137,Q6ZQN7
DB01138,O15438
DB01151,O75751
DB01160,Q92959
DB01160,Q9UIG8
DB01174,O15438
DB01174,Q92959
DB01183,P46721
DB01203,Q86VL8
DB01222,P46721
DB01229,Q5T3U5
DB01232,P46721
DB01234,P46721
DB01235,Q8TF71
DB01235,Q01650
DB01248,Q5T3U5
DB01262,O00337
DB01396,P46721
DB01396,Q6ZQN7
DB01577,O75751
DB01583,P46721
DB01583,Q6ZQN7
DB01583,Q14973
DB01583,Q9NYB5
DB01583,Q96BD0
DB01583,Q8TF71
DB01586,P46721
DB01586,Q14973
DB01590,P46721
DB01611,P46721
DB01708,P46721
DB02659,P46721
DB02659,O15438
DB02659,Q14973
DB03619,P46721
DB03619,Q14973
DB04573,P46721
DB04574,Q86VL8
DB05260,P02786
DB05381,O75751
DB06207,P21439
DB06262,Q8TF71
DB06290,Q14973
DB06335,Q6ZQN7
DB06414,P21439
DB06654,Q9UIG8
DB06710,P46721
DB08860,Q14973
DB08872,Q8N695
DB08882,O75751
DB08884,O15438
DB08893,P46721
DB09198,Q9UIG8
DB09241,Q86VL8
DB09296,P22310
DB09449,Q8WUM9
DB09449,Q08357
DB09449,Q06495
DB09449,O95436
DB09449,Q8N130
DB11093,Q9H1D0
DB11093,Q9NQA5
DB11093,Q9P0L9
DB11093,Q8NEC5
DB11256,Q96NT5
DB11348,Q8WUM9
DB11348,Q08357
DB11348,Q06495
DB11348,O95436
DB11348,Q8N130
DB11348,Q9H1D0
DB11348,Q9NQA5
DB11348,Q9P0L9
DB11348,Q8NEC5
DB11817,Q86VL8
DB12001,Q86VL8
DB12267,Q86VL8
DB12332,Q86VL8
DB12364,Q12809
DB12483,Q86VL8
